Datetime,Houseload,East-West 15°,South 15°,"South, latitude tilt"
2023-01-16T00:00:00+00:00,293.5,0.0,0.0,0.0
2023-01-16T01:00:00+00:00,217.2,0.0,0.0,0.0
2023-01-16T02:00:00+00:00,199.1,0.0,0.0,0.0
2023-01-16T03:00:00+00:00,193.9,0.0,0.0,0.0
2023-01-16T04:00:00+00:00,197.0,0.0,0.0,0.0
2023-01-16T05:00:00+00:00,235.8,0.0,0.0,0.0
2023-01-16T06:00:00+00:00,453.5,0.0,0.0,0.0
2023-01-16T07:00:00+00:00,651.6,0.0,0.0,0.0
2023-01-16T08:00:00+00:00,672.1,0.0,0.0,0.0
2023-01-16T09:00:00+00:00,620.3,632.1,838.1,1129.5
2023-01-16T10:00:00+00:00,585.0,1332.8,2076.7,2775.3
2023-01-16T11:00:00+00:00,595.7,1671.0,2153.8,2558.0
2023-01-16T12:00:00+00:00,658.1,2166.9,2991.7,3703.1
2023-01-16T13:00:00+00:00,652.0,1751.3,2083.1,2325.8
2023-01-16T14:00:00+00:00,580.7,1203.6,1304.6,1341.7
2023-01-16T15:00:00+00:00,527.7,1563.7,2399.0,3161.5
2023-01-16T16:00:00+00:00,529.7,722.5,1068.3,1406.8
2023-01-16T17:00:00+00:00,647.8,6.4,6.4,4.2
2023-01-16T18:00:00+00:00,836.7,0.0,0.0,0.0
2023-01-16T19:00:00+00:00,941.9,0.0,0.0,0.0
2023-01-16T20:00:00+00:00,847.0,0.0,0.0,0.0
2023-01-16T21:00:00+00:00,709.7,0.0,0.0,0.0
2023-01-16T22:00:00+00:00,587.4,0.0,0.0,0.0
2023-01-16T23:00:00+00:00,434.9,0.0,0.0,0.0
2023-01-17T00:00:00+00:00,293.6,0.0,0.0,0.0
2023-01-17T01:00:00+00:00,217.2,0.0,0.0,0.0
2023-01-17T02:00:00+00:00,199.1,0.0,0.0,0.0
2023-01-17T03:00:00+00:00,193.9,0.0,0.0,0.0
2023-01-17T04:00:00+00:00,197.0,0.0,0.0,0.0
2023-01-17T05:00:00+00:00,235.8,0.0,0.0,0.0
2023-01-17T06:00:00+00:00,453.6,0.0,0.0,0.0
2023-01-17T07:00:00+00:00,651.6,0.0,0.0,0.0
2023-01-17T08:00:00+00:00,672.1,0.0,0.0,0.0
2023-01-17T09:00:00+00:00,620.4,732.2,1062.3,1540.9
2023-01-17T10:00:00+00:00,585.1,1348.6,2075.9,2752.6
2023-01-17T11:00:00+00:00,595.7,1887.3,2676.0,3369.1
2023-01-17T12:00:00+00:00,658.1,2218.5,3095.4,3847.9
2023-01-17T13:00:00+00:00,652.0,2309.8,3265.0,4085.8
2023-01-17T14:00:00+00:00,580.8,2071.0,2975.7,3766.5
2023-01-17T15:00:00+00:00,527.7,1556.8,2342.7,3054.9
2023-01-17T16:00:00+00:00,529.7,783.5,1216.9,1640.7
2023-01-17T17:00:00+00:00,647.8,16.6,16.6,13.9
2023-01-17T18:00:00+00:00,836.7,0.0,0.0,0.0
2023-01-17T19:00:00+00:00,941.9,0.0,0.0,0.0
2023-01-17T20:00:00+00:00,847.1,0.0,0.0,0.0
2023-01-17T21:00:00+00:00,709.8,0.0,0.0,0.0
2023-01-17T22:00:00+00:00,587.4,0.0,0.0,0.0
2023-01-17T23:00:00+00:00,435.0,0.0,0.0,0.0
2023-01-18T00:00:00+00:00,293.6,0.0,0.0,0.0
2023-01-18T01:00:00+00:00,217.3,0.0,0.0,0.0
2023-01-18T02:00:00+00:00,199.1,0.0,0.0,0.0
2023-01-18T03:00:00+00:00,193.9,0.0,0.0,0.0
2023-01-18T04:00:00+00:00,197.0,0.0,0.0,0.0
2023-01-18T05:00:00+00:00,235.8,0.0,0.0,0.0
2023-01-18T06:00:00+00:00,453.6,0.0,0.0,0.0
2023-01-18T07:00:00+00:00,651.7,0.0,0.0,0.0
2023-01-18T08:00:00+00:00,672.1,0.0,0.0,0.0
2023-01-18T09:00:00+00:00,620.4,753.4,1095.4,1588.4
2023-01-18T10:00:00+00:00,585.1,1378.4,2110.9,2791.2
2023-01-18T11:00:00+00:00,595.7,1939.2,2747.7,3457.4
2023-01-18T12:00:00+00:00,658.1,2280.0,3179.5,3951.1
2023-01-18T13:00:00+00:00,652.0,2363.9,3336.4,4169.8
2023-01-18T14:00:00+00:00,580.8,2099.4,2995.6,3772.3
2023-01-18T15:00:00+00:00,527.7,1579.6,2349.3,3040.2
2023-01-18T16:00:00+00:00,529.7,851.6,1389.2,1911.1
2023-01-18T17:00:00+00:00,647.8,40.6,45.6,59.0
2023-01-18T18:00:00+00:00,836.7,0.0,0.0,0.0
2023-01-18T19:00:00+00:00,941.9,0.0,0.0,0.0
2023-01-18T20:00:00+00:00,847.0,0.0,0.0,0.0
2023-01-18T21:00:00+00:00,709.7,0.0,0.0,0.0
2023-01-18T22:00:00+00:00,587.4,0.0,0.0,0.0
2023-01-18T23:00:00+00:00,434.9,0.0,0.0,0.0
2023-01-19T00:00:00+00:00,293.6,0.0,0.0,0.0
2023-01-19T01:00:00+00:00,217.2,0.0,0.0,0.0
2023-01-19T02:00:00+00:00,199.1,0.0,0.0,0.0
2023-01-19T03:00:00+00:00,193.9,0.0,0.0,0.0
2023-01-19T04:00:00+00:00,197.0,0.0,0.0,0.0
2023-01-19T05:00:00+00:00,235.8,0.0,0.0,0.0
2023-01-19T06:00:00+00:00,453.5,0.0,0.0,0.0
2023-01-19T07:00:00+00:00,651.6,0.0,0.0,0.0
2023-01-19T08:00:00+00:00,672.1,0.0,0.0,0.0
2023-01-19T09:00:00+00:00,620.3,783.7,1147.6,1669.3
2023-01-19T10:00:00+00:00,585.0,1414.0,2158.7,2847.5
2023-01-19T11:00:00+00:00,595.7,1990.6,2837.7,3579.5
2023-01-19T12:00:00+00:00,658.0,2309.9,3210.3,3976.6
2023-01-19T13:00:00+00:00,651.9,2365.8,3300.9,4088.8
2023-01-19T14:00:00+00:00,580.7,2155.6,3090.3,3895.2
2023-01-19T15:00:00+00:00,527.7,1632.8,2437.3,3158.5
2023-01-19T16:00:00+00:00,529.6,882.0,1444.4,1986.1
2023-01-19T17:00:00+00:00,647.7,50.5,55.3,66.9
2023-01-19T18:00:00+00:00,836.6,0.0,0.0,0.0
2023-01-19T19:00:00+00:00,941.8,0.0,0.0,0.0
2023-01-19T20:00:00+00:00,846.9,0.0,0.0,0.0
2023-01-19T21:00:00+00:00,709.6,0.0,0.0,0.0
2023-01-19T22:00:00+00:00,587.3,0.0,0.0,0.0
2023-01-19T23:00:00+00:00,434.9,0.0,0.0,0.0
2023-01-20T00:00:00+00:00,293.5,0.0,0.0,0.0
2023-01-20T01:00:00+00:00,217.2,0.0,0.0,0.0
2023-01-20T02:00:00+00:00,199.1,0.0,0.0,0.0
2023-01-20T03:00:00+00:00,193.8,0.0,0.0,0.0
2023-01-20T04:00:00+00:00,197.0,0.0,0.0,0.0
2023-01-20T05:00:00+00:00,235.8,0.0,0.0,0.0
2023-01-20T06:00:00+00:00,453.5,0.0,0.0,0.0
2023-01-20T07:00:00+00:00,651.5,0.0,0.0,0.0
2023-01-20T08:00:00+00:00,672.0,0.0,0.0,0.0
2023-01-20T09:00:00+00:00,620.2,781.6,1134.0,1635.2
2023-01-20T10:00:00+00:00,584.9,1420.6,2161.8,2847.0
2023-01-20T11:00:00+00:00,595.5,2003.0,2852.2,3597.1
2023-01-20T12:00:00+00:00,657.9,2357.5,3304.3,4115.8
2023-01-20T13:00:00+00:00,651.8,2451.2,3477.4,4356.6
2023-01-20T14:00:00+00:00,580.6,2178.1,3110.9,3919.2
2023-01-20T15:00:00+00:00,527.6,1661.0,2482.0,3219.1
2023-01-20T16:00:00+00:00,529.5,906.1,1489.6,2051.1
2023-01-20T17:00:00+00:00,647.6,72.6,82.0,106.8
2023-01-20T18:00:00+00:00,836.4,0.0,0.0,0.0
2023-01-20T19:00:00+00:00,941.6,0.0,0.0,0.0
2023-01-20T20:00:00+00:00,846.7,0.0,0.0,0.0
2023-01-20T21:00:00+00:00,709.5,0.0,0.0,0.0
2023-01-20T22:00:00+00:00,587.2,0.0,0.0,0.0
2023-01-20T23:00:00+00:00,434.8,0.0,0.0,0.0
2023-01-21T00:00:00+00:00,337.4,0.0,0.0,0.0
2023-01-21T01:00:00+00:00,266.1,0.0,0.0,0.0
2023-01-21T02:00:00+00:00,211.9,0.0,0.0,0.0
2023-01-21T03:00:00+00:00,199.8,0.0,0.0,0.0
2023-01-21T04:00:00+00:00,193.5,0.0,0.0,0.0
2023-01-21T05:00:00+00:00,201.7,0.0,0.0,0.0
2023-01-21T06:00:00+00:00,267.2,0.0,0.0,0.0
2023-01-21T07:00:00+00:00,412.4,0.0,0.0,0.0
2023-01-21T08:00:00+00:00,602.4,0.0,0.0,0.0
2023-01-21T09:00:00+00:00,713.2,794.0,1161.6,1683.5
2023-01-21T10:00:00+00:00,744.1,1439.8,2196.0,2897.6
2023-01-21T11:00:00+00:00,779.9,2020.1,2852.4,3583.7
2023-01-21T12:00:00+00:00,838.3,2405.7,3364.1,4190.5
2023-01-21T13:00:00+00:00,834.3,2484.6,3488.3,4351.8
2023-01-21T14:00:00+00:00,772.1,2132.2,2929.1,3613.4
2023-01-21T15:00:00+00:00,723.6,1418.7,1835.0,2184.7
2023-01-21T16:00:00+00:00,728.2,900.1,1408.5,1894.8
2023-01-21T17:00:00+00:00,908.1,77.8,87.0,109.9
2023-01-21T18:00:00+00:00,1053.6,0.0,0.0,0.0
2023-01-21T19:00:00+00:00,1057.2,0.0,0.0,0.0
2023-01-21T20:00:00+00:00,865.2,0.0,0.0,0.0
2023-01-21T21:00:00+00:00,674.6,0.0,0.0,0.0
2023-01-21T22:00:00+00:00,616.3,0.0,0.0,0.0
2023-01-21T23:00:00+00:00,522.8,0.0,0.0,0.0
2023-01-22T00:00:00+00:00,393.2,0.0,0.0,0.0
2023-01-22T01:00:00+00:00,283.2,0.0,0.0,0.0
2023-01-22T02:00:00+00:00,226.7,0.0,0.0,0.0
2023-01-22T03:00:00+00:00,206.9,0.0,0.0,0.0
2023-01-22T04:00:00+00:00,194.8,0.0,0.0,0.0
2023-01-22T05:00:00+00:00,194.3,0.0,0.0,0.0
2023-01-22T06:00:00+00:00,206.1,0.0,0.0,0.0
2023-01-22T07:00:00+00:00,251.5,0.0,0.0,0.0
2023-01-22T08:00:00+00:00,445.3,0.0,0.0,0.0
2023-01-22T09:00:00+00:00,696.7,807.7,1175.5,1693.6
2023-01-22T10:00:00+00:00,876.1,1481.2,2249.9,2963.1
2023-01-22T11:00:00+00:00,1020.0,2083.1,2955.8,3723.3
2023-01-22T12:00:00+00:00,1039.7,2454.9,3437.9,4284.3
2023-01-22T13:00:00+00:00,870.3,2544.0,3589.0,4486.5
2023-01-22T14:00:00+00:00,684.7,2269.8,3231.3,4065.2
2023-01-22T15:00:00+00:00,586.5,1732.2,2570.9,3322.9
2023-01-22T16:00:00+00:00,536.7,967.4,1577.3,2162.6
2023-01-22T17:00:00+00:00,632.2,99.2,112.6,146.4
2023-01-22T18:00:00+00:00,786.7,0.0,0.0,0.0
2023-01-22T19:00:00+00:00,886.7,0.0,0.0,0.0
2023-01-22T20:00:00+00:00,805.3,0.0,0.0,0.0
2023-01-22T21:00:00+00:00,681.7,0.0,0.0,0.0
2023-01-22T22:00:00+00:00,577.2,0.0,0.0,0.0
2023-01-22T23:00:00+00:00,425.7,0.0,0.0,0.0
