Datetime,Houseload,East-West 10°,South 10°,South 35°
2023-07-02T23:00:00+00:00,234.6,0.0,0.0,0.0
2023-07-03T00:00:00+00:00,174.7,0.0,0.0,0.0
2023-07-03T01:00:00+00:00,158.5,0.0,0.0,0.0
2023-07-03T02:00:00+00:00,149.2,0.0,0.0,0.0
2023-07-03T03:00:00+00:00,155.3,0.0,0.0,0.0
2023-07-03T04:00:00+00:00,188.7,0.0,0.0,0.0
2023-07-03T05:00:00+00:00,311.7,0.0,0.0,0.0
2023-07-03T06:00:00+00:00,413.0,368.8,324.5,293.4
2023-07-03T07:00:00+00:00,451.0,952.8,927.7,789.3
2023-07-03T08:00:00+00:00,458.7,1385.0,1379.5,1260.9
2023-07-03T09:00:00+00:00,443.3,2766.5,2789.6,2541.9
2023-07-03T10:00:00+00:00,451.9,3921.1,4047.2,3817.0
2023-07-03T11:00:00+00:00,502.4,4484.5,4673.4,4523.0
2023-07-03T12:00:00+00:00,486.0,4803.5,5028.2,4921.4
2023-07-03T13:00:00+00:00,419.4,4872.7,5106.3,5003.1
2023-07-03T14:00:00+00:00,378.1,4639.2,4847.9,4708.1
2023-07-03T15:00:00+00:00,365.3,4082.4,4230.9,4019.7
2023-07-03T16:00:00+00:00,389.8,3375.6,3446.1,3136.2
2023-07-03T17:00:00+00:00,452.4,2440.7,2417.9,2018.3
2023-07-03T18:00:00+00:00,525.6,1404.7,1312.5,907.9
2023-07-03T19:00:00+00:00,530.0,405.7,350.0,266.1
2023-07-03T20:00:00+00:00,501.3,0.0,0.0,0.0
2023-07-03T21:00:00+00:00,459.8,0.0,0.0,0.0
2023-07-03T22:00:00+00:00,356.6,0.0,0.0,0.0
2023-07-03T23:00:00+00:00,234.3,0.0,0.0,0.0
2023-07-04T00:00:00+00:00,174.4,0.0,0.0,0.0
2023-07-04T01:00:00+00:00,158.3,0.0,0.0,0.0
2023-07-04T02:00:00+00:00,149.0,0.0,0.0,0.0
2023-07-04T03:00:00+00:00,155.1,0.0,0.0,0.0
2023-07-04T04:00:00+00:00,188.5,0.0,0.0,0.0
2023-07-04T05:00:00+00:00,311.3,0.0,0.0,0.0
2023-07-04T06:00:00+00:00,412.5,503.3,297.2,241.4
2023-07-04T07:00:00+00:00,450.4,1299.9,1176.4,710.6
2023-07-04T08:00:00+00:00,458.1,2278.8,2229.5,1788.6
2023-07-04T09:00:00+00:00,442.7,3140.3,3185.6,2855.3
2023-07-04T10:00:00+00:00,451.3,3869.2,3996.7,3770.9
2023-07-04T11:00:00+00:00,501.8,4374.8,4560.3,4415.3
2023-07-04T12:00:00+00:00,485.4,4667.9,4886.7,4785.4
2023-07-04T13:00:00+00:00,418.9,4723.2,4949.4,4852.4
2023-07-04T14:00:00+00:00,377.6,4532.1,4737.2,4603.2
2023-07-04T15:00:00+00:00,364.9,4047.0,4196.9,3989.5
2023-07-04T16:00:00+00:00,389.3,3315.7,3385.4,3083.3
2023-07-04T17:00:00+00:00,451.9,2413.5,2391.7,1998.9
2023-07-04T18:00:00+00:00,524.9,1435.0,1334.0,896.4
2023-07-04T19:00:00+00:00,529.4,501.6,380.7,226.7
2023-07-04T20:00:00+00:00,500.7,0.0,0.0,0.0
2023-07-04T21:00:00+00:00,459.2,0.0,0.0,0.0
2023-07-04T22:00:00+00:00,356.1,0.0,0.0,0.0
2023-07-04T23:00:00+00:00,234.0,0.0,0.0,0.0
2023-07-05T00:00:00+00:00,174.2,0.0,0.0,0.0
2023-07-05T01:00:00+00:00,158.2,0.0,0.0,0.0
2023-07-05T02:00:00+00:00,148.9,0.0,0.0,0.0
2023-07-05T03:00:00+00:00,155.0,0.0,0.0,0.0
2023-07-05T04:00:00+00:00,188.2,0.0,0.0,0.0
2023-07-05T05:00:00+00:00,311.0,0.0,0.0,0.0
2023-07-05T06:00:00+00:00,412.0,497.2,286.1,233.0
2023-07-05T07:00:00+00:00,449.9,1296.4,1168.6,692.0
2023-07-05T08:00:00+00:00,457.6,2257.5,2208.0,1769.6
2023-07-05T09:00:00+00:00,442.2,3122.4,3168.0,2839.7
2023-07-05T10:00:00+00:00,450.8,3842.6,3970.4,3747.7
2023-07-05T11:00:00+00:00,501.2,4345.3,4530.8,4389.0
2023-07-05T12:00:00+00:00,484.8,4615.2,4831.3,4732.2
2023-07-05T13:00:00+00:00,418.4,4636.8,4856.7,4761.2
2023-07-05T14:00:00+00:00,377.2,4421.5,4618.7,4489.0
2023-07-05T15:00:00+00:00,364.4,3950.3,4096.3,3897.4
2023-07-05T16:00:00+00:00,388.9,3258.8,3328.6,3035.1
2023-07-05T17:00:00+00:00,451.3,2369.5,2349.4,1966.1
2023-07-05T18:00:00+00:00,524.3,1409.6,1310.8,881.2
2023-07-05T19:00:00+00:00,528.8,485.2,369.9,223.1
2023-07-05T20:00:00+00:00,500.1,0.0,0.0,0.0
2023-07-05T21:00:00+00:00,458.7,0.0,0.0,0.0
2023-07-05T22:00:00+00:00,355.7,0.0,0.0,0.0
2023-07-05T23:00:00+00:00,233.7,0.0,0.0,0.0
2023-07-06T00:00:00+00:00,174.0,0.0,0.0,0.0
2023-07-06T01:00:00+00:00,158.0,0.0,0.0,0.0
2023-07-06T02:00:00+00:00,148.7,0.0,0.0,0.0
2023-07-06T03:00:00+00:00,154.8,0.0,0.0,0.0
2023-07-06T04:00:00+00:00,188.0,0.0,0.0,0.0
2023-07-06T05:00:00+00:00,310.6,0.0,0.0,0.0
2023-07-06T06:00:00+00:00,411.5,493.4,276.5,226.0
2023-07-06T07:00:00+00:00,449.4,1299.3,1168.4,684.3
2023-07-06T08:00:00+00:00,457.0,2285.6,2234.7,1790.8
2023-07-06T09:00:00+00:00,441.7,3184.3,3231.6,2894.8
2023-07-06T10:00:00+00:00,450.3,3905.9,4038.0,3811.7
2023-07-06T11:00:00+00:00,500.6,4399.7,4590.7,4450.7
2023-07-06T12:00:00+00:00,484.3,4587.1,4801.7,4711.3
2023-07-06T13:00:00+00:00,417.9,4490.4,4696.4,4614.5
2023-07-06T14:00:00+00:00,376.7,4364.1,4558.1,4439.2
2023-07-06T15:00:00+00:00,364.0,3948.3,4095.7,3902.3
2023-07-06T16:00:00+00:00,388.4,3296.9,3370.1,3075.8
2023-07-06T17:00:00+00:00,450.8,2404.3,2385.0,1994.9
2023-07-06T18:00:00+00:00,523.7,1430.4,1329.0,887.6
2023-07-06T19:00:00+00:00,528.2,501.5,373.8,214.4
2023-07-06T20:00:00+00:00,499.5,0.0,0.0,0.0
2023-07-06T21:00:00+00:00,458.2,0.0,0.0,0.0
2023-07-06T22:00:00+00:00,355.3,0.0,0.0,0.0
2023-07-06T23:00:00+00:00,233.5,0.0,0.0,0.0
2023-07-07T00:00:00+00:00,173.8,0.0,0.0,0.0
2023-07-07T01:00:00+00:00,157.8,0.0,0.0,0.0
2023-07-07T02:00:00+00:00,148.5,0.0,0.0,0.0
2023-07-07T03:00:00+00:00,154.6,0.0,0.0,0.0
2023-07-07T04:00:00+00:00,187.8,0.0,0.0,0.0
2023-07-07T05:00:00+00:00,310.3,0.0,0.0,0.0
2023-07-07T06:00:00+00:00,411.1,199.2,195.7,180.5
2023-07-07T07:00:00+00:00,448.9,1022.1,977.4,774.8
2023-07-07T08:00:00+00:00,456.6,2152.7,2110.7,1709.2
2023-07-07T09:00:00+00:00,441.2,2881.8,2919.0,2640.4
2023-07-07T10:00:00+00:00,449.8,3620.8,3734.4,3533.3
2023-07-07T11:00:00+00:00,500.1,4097.9,4257.0,4119.1
2023-07-07T12:00:00+00:00,483.8,3466.5,3540.0,3389.1
2023-07-07T13:00:00+00:00,417.5,4318.4,4487.4,4368.4
2023-07-07T14:00:00+00:00,376.4,4114.8,4267.0,4127.1
2023-07-07T15:00:00+00:00,363.7,3656.3,3768.0,3581.8
2023-07-07T16:00:00+00:00,388.0,2434.0,2458.1,2276.7
2023-07-07T17:00:00+00:00,450.4,2385.1,2368.2,1987.5
2023-07-07T18:00:00+00:00,523.2,1267.3,1199.1,882.4
2023-07-07T19:00:00+00:00,527.7,421.7,348.8,248.0
2023-07-07T20:00:00+00:00,499.0,0.0,0.0,0.0
2023-07-07T21:00:00+00:00,457.7,0.0,0.0,0.0
2023-07-07T22:00:00+00:00,355.0,0.0,0.0,0.0
2023-07-07T23:00:00+00:00,262.9,0.0,0.0,0.0
2023-07-08T00:00:00+00:00,203.7,0.0,0.0,0.0
2023-07-08T01:00:00+00:00,165.7,0.0,0.0,0.0
2023-07-08T02:00:00+00:00,158.5,0.0,0.0,0.0
2023-07-08T03:00:00+00:00,159.8,0.0,0.0,0.0
2023-07-08T04:00:00+00:00,163.5,0.0,0.0,0.0
2023-07-08T05:00:00+00:00,201.7,0.0,0.0,0.0
2023-07-08T06:00:00+00:00,294.8,415.4,299.1,264.6
2023-07-08T07:00:00+00:00,406.4,1206.6,1108.9,732.6
2023-07-08T08:00:00+00:00,493.1,2201.6,2157.1,1755.2
2023-07-08T09:00:00+00:00,521.9,3044.0,3087.6,2783.5
2023-07-08T10:00:00+00:00,541.7,3724.3,3839.1,3627.4
2023-07-08T11:00:00+00:00,576.5,3887.9,4009.9,3853.7
2023-07-08T12:00:00+00:00,557.0,4526.9,4724.3,4613.3
2023-07-08T13:00:00+00:00,497.5,4604.7,4811.9,4710.4
2023-07-08T14:00:00+00:00,469.6,4415.3,4607.7,4482.5
2023-07-08T15:00:00+00:00,458.5,3948.7,4093.2,3904.3
2023-07-08T16:00:00+00:00,471.4,3168.0,3233.5,2966.5
2023-07-08T17:00:00+00:00,526.9,1533.9,1530.2,1388.8
2023-07-08T18:00:00+00:00,570.9,446.5,446.5,415.7
2023-07-08T19:00:00+00:00,547.1,81.8,81.8,74.4
2023-07-08T20:00:00+00:00,486.8,0.0,0.0,0.0
2023-07-08T21:00:00+00:00,470.2,0.0,0.0,0.0
2023-07-08T22:00:00+00:00,394.4,0.0,0.0,0.0
2023-07-08T23:00:00+00:00,283.5,0.0,0.0,0.0
2023-07-09T00:00:00+00:00,210.9,0.0,0.0,0.0
2023-07-09T01:00:00+00:00,172.4,0.0,0.0,0.0
2023-07-09T02:00:00+00:00,160.1,0.0,0.0,0.0
2023-07-09T03:00:00+00:00,158.1,0.0,0.0,0.0
2023-07-09T04:00:00+00:00,154.3,0.0,0.0,0.0
2023-07-09T05:00:00+00:00,162.4,0.0,0.0,0.0
2023-07-09T06:00:00+00:00,219.7,243.0,232.0,213.8
2023-07-09T07:00:00+00:00,355.8,495.0,494.3,458.4
2023-07-09T08:00:00+00:00,506.8,739.3,739.3,690.1
2023-07-09T09:00:00+00:00,590.2,791.0,791.0,738.5
2023-07-09T10:00:00+00:00,650.7,818.4,818.4,764.1
2023-07-09T11:00:00+00:00,662.4,926.6,926.6,865.6
2023-07-09T12:00:00+00:00,554.6,1146.2,1146.2,1071.5
2023-07-09T13:00:00+00:00,455.6,3137.5,3182.1,3027.3
2023-07-09T14:00:00+00:00,393.3,4223.6,4381.4,4241.5
2023-07-09T15:00:00+00:00,342.7,4117.4,4276.0,4082.2
2023-07-09T16:00:00+00:00,346.5,3405.8,3485.4,3191.1
2023-07-09T17:00:00+00:00,400.5,2490.9,2474.3,2078.0
2023-07-09T18:00:00+00:00,480.7,1493.7,1388.4,926.8
2023-07-09T19:00:00+00:00,504.0,539.9,389.5,209.2
2023-07-09T20:00:00+00:00,475.9,0.0,0.0,0.0
2023-07-09T21:00:00+00:00,443.2,0.0,0.0,0.0
2023-07-09T22:00:00+00:00,341.7,0.0,0.0,0.0
