Datetime,greedy:Houseload,greedy:PV_Production,greedy:Import_From_Grid,greedy:Grid_AC_To_Battery,greedy:Battery_SOC_Normalized,discharge_only:Houseload,discharge_only:PV_Production,discharge_only:Import_From_Grid,discharge_only:Grid_AC_To_Battery,discharge_only:Battery_SOC_Normalized,fixed_target:Houseload,fixed_target:PV_Production,fixed_target:Import_From_Grid,fixed_target:Grid_AC_To_Battery,fixed_target:Battery_SOC_Normalized,hold_target:Houseload,hold_target:PV_Production,hold_target:Import_From_Grid,hold_target:Grid_AC_To_Battery,hold_target:Battery_SOC_Normalized
2023-02-06T00:00:00+00:00,289.4,0.0,289.4,0.0,0.0,289.4,0.0,289.4,0.0,0.126,289.4,0.0,293.0,3.7,0.5,289.4,0.0,293.0,3.7,0.5
2023-02-06T01:00:00+00:00,214.1,0.0,214.1,0.0,0.0,214.1,0.0,214.1,0.0,0.1247,214.1,0.0,219.2,5.1,0.5,214.1,0.0,219.2,5.1,0.5
2023-02-06T02:00:00+00:00,196.2,0.0,196.2,0.0,0.0,196.2,0.0,196.2,0.0,0.1235,196.2,0.0,201.1,4.8,0.5,196.2,0.0,201.1,4.8,0.5
2023-02-06T03:00:00+00:00,191.1,0.0,191.1,0.0,0.0,191.1,0.0,191.1,0.0,0.1223,191.1,0.0,195.3,4.2,0.5,191.1,0.0,195.3,4.2,0.5
2023-02-06T04:00:00+00:00,194.1,0.0,194.1,0.0,0.0,194.1,0.0,194.1,0.0,0.1211,194.1,0.0,199.0,4.8,0.5,194.1,0.0,199.0,4.8,0.5
2023-02-06T05:00:00+00:00,232.4,0.0,232.4,0.0,0.0,232.4,0.0,232.4,0.0,0.1197,232.4,0.0,238.3,5.9,0.5,232.4,0.0,238.3,5.9,0.5
2023-02-06T06:00:00+00:00,446.9,0.0,446.9,0.0,0.0,446.9,0.0,446.9,0.0,0.1184,446.9,0.0,452.8,5.9,0.5,446.9,0.0,452.8,5.9,0.5
2023-02-06T07:00:00+00:00,642.0,0.0,642.0,0.0,0.0,642.0,0.0,642.0,0.0,0.1171,642.0,0.0,647.8,5.8,0.5,642.0,0.0,647.8,5.8,0.5
2023-02-06T08:00:00+00:00,662.1,224.3,437.9,0.0,0.0,662.1,240.9,8.4,0.0,0.0,662.1,241.0,0.0,0.0,0.3805,662.1,241.0,0.0,0.0,0.3805
2023-02-06T09:00:00+00:00,611.1,717.1,0.0,0.0,0.0264,611.1,717.1,0.0,0.0,0.0265,611.1,717.1,0.0,0.0,0.4056,611.1,717.1,0.0,0.0,0.4055
2023-02-06T10:00:00+00:00,576.3,1160.6,0.0,0.0,0.1712,576.3,1160.6,0.0,0.0,0.1713,576.3,1160.6,0.0,0.0,0.5501,576.3,1160.6,0.0,0.0,0.5501
2023-02-06T11:00:00+00:00,586.7,1843.1,0.0,0.0,0.4838,586.7,1843.1,0.0,0.0,0.4838,586.7,1843.1,0.0,0.0,0.8624,586.7,1843.1,0.0,0.0,0.8625
2023-02-06T12:00:00+00:00,648.1,3795.1,0.0,0.0,1.0,648.1,3795.2,0.0,0.0,1.0,648.1,3740.7,0.0,0.0,1.0,648.1,3740.7,0.0,0.0,1.0
2023-02-06T13:00:00+00:00,642.1,1617.9,0.0,0.0,1.0,642.1,1617.9,0.0,0.0,1.0,642.1,1617.9,0.0,0.0,1.0,642.1,1617.9,0.0,0.0,1.0
2023-02-06T14:00:00+00:00,571.9,793.9,0.0,0.0,1.0,571.9,793.9,0.0,0.0,1.0,571.9,793.9,0.0,0.0,1.0,571.9,793.9,0.0,0.0,1.0
2023-02-06T15:00:00+00:00,519.7,379.9,0.0,0.0,0.9593,519.7,379.9,0.0,0.0,0.9593,519.7,379.9,0.0,0.0,0.9593,519.7,379.9,0.0,0.0,0.9593
2023-02-06T16:00:00+00:00,521.6,432.9,0.0,0.0,0.933,521.6,432.9,0.0,0.0,0.933,521.6,432.9,0.0,0.0,0.9329,521.6,432.9,0.0,0.0,0.9329
2023-02-06T17:00:00+00:00,637.8,125.6,0.0,0.0,0.7886,637.8,125.6,0.0,0.0,0.7886,637.8,125.6,0.0,0.0,0.7885,637.8,125.6,0.0,0.0,0.7884
2023-02-06T18:00:00+00:00,823.8,0.0,0.0,0.0,0.5591,823.8,0.0,0.0,0.0,0.5592,823.8,0.0,0.0,0.0,0.5589,823.8,0.0,0.0,0.0,0.5588
2023-02-06T19:00:00+00:00,927.3,0.0,0.0,0.0,0.3014,927.3,0.0,0.0,0.0,0.3016,927.3,0.0,0.0,0.0,0.3011,927.3,0.0,0.0,0.0,0.301
2023-02-06T20:00:00+00:00,833.8,-0.0,0.0,0.0,0.0689,833.8,-0.0,0.0,0.0,0.0691,833.8,-0.0,0.0,0.0,0.0685,833.8,-0.0,0.0,0.0,0.0684
2023-02-06T21:00:00+00:00,698.6,0.0,473.2,0.0,0.0,698.6,0.0,472.4,0.0,0.0,698.6,0.0,475.0,0.0,0.0,698.6,0.0,475.5,0.0,0.0
2023-02-06T22:00:00+00:00,578.2,0.0,578.2,0.0,0.0,578.2,0.0,578.2,0.0,0.0,578.2,0.0,2683.9,2105.7,0.5,578.2,0.0,2683.6,2105.4,0.5
2023-02-06T23:00:00+00:00,428.1,0.0,428.1,0.0,0.0,428.1,0.0,428.1,0.0,0.0,428.1,0.0,433.4,5.3,0.5,428.1,0.0,433.4,5.3,0.5
2023-02-07T00:00:00+00:00,288.9,0.0,288.9,0.0,0.0,288.9,0.0,288.9,0.0,0.0,288.9,0.0,293.4,4.5,0.5,288.9,0.0,293.4,4.5,0.5
2023-02-07T01:00:00+00:00,213.8,0.0,213.8,0.0,0.0,213.8,0.0,213.8,0.0,0.0,213.8,0.0,218.8,5.0,0.5,213.8,0.0,218.8,5.0,0.5
2023-02-07T02:00:00+00:00,195.9,0.0,195.9,0.0,0.0,195.9,0.0,195.9,0.0,0.0,195.9,0.0,201.0,5.0,0.5,195.9,0.0,201.0,5.0,0.5
2023-02-07T03:00:00+00:00,190.8,0.0,190.8,0.0,0.0,190.8,0.0,190.8,0.0,0.0,190.8,0.0,195.9,5.1,0.5,190.8,0.0,195.9,5.1,0.5
2023-02-07T04:00:00+00:00,193.8,0.0,193.8,0.0,0.0,193.8,0.0,193.8,0.0,0.0,193.8,0.0,199.3,5.4,0.5,193.8,0.0,199.3,5.4,0.5
2023-02-07T05:00:00+00:00,232.0,0.0,232.0,0.0,0.0,232.0,0.0,232.0,0.0,0.0,232.0,0.0,237.0,5.0,0.5,232.0,0.0,237.0,5.0,0.5
2023-02-07T06:00:00+00:00,446.2,0.0,446.2,0.0,0.0,446.2,0.0,446.2,0.0,0.0,446.2,0.0,451.8,5.6,0.5,446.2,0.0,451.8,5.6,0.5
2023-02-07T07:00:00+00:00,641.0,0.0,641.0,0.0,0.0,641.0,0.0,641.0,0.0,0.0,641.0,0.0,647.5,6.5,0.5,641.0,0.0,647.5,6.5,0.5
2023-02-07T08:00:00+00:00,661.2,45.5,615.6,0.0,0.0,661.2,45.5,615.6,0.0,0.0,661.2,69.5,0.0,0.0,0.3333,661.2,69.5,0.0,0.0,0.3332
2023-02-07T09:00:00+00:00,610.2,482.3,127.9,0.0,0.0,610.2,482.3,127.9,0.0,0.0,610.2,487.4,0.0,0.0,0.2975,610.2,487.4,0.0,0.0,0.2974
2023-02-07T10:00:00+00:00,575.5,921.9,0.0,0.0,0.0865,575.5,921.9,0.0,0.0,0.0864,575.5,921.9,0.0,0.0,0.3827,575.5,921.9,0.0,0.0,0.3827
2023-02-07T11:00:00+00:00,585.9,782.0,0.0,0.0,0.1341,585.9,782.0,0.0,0.0,0.1341,585.9,782.0,0.0,0.0,0.4302,585.9,782.0,0.0,0.0,0.4302
2023-02-07T12:00:00+00:00,647.2,852.4,0.0,0.0,0.184,647.2,852.4,0.0,0.0,0.1839,647.2,852.4,0.0,0.0,0.4801,647.2,852.4,0.0,0.0,0.4801
2023-02-07T13:00:00+00:00,641.1,566.1,0.0,0.0,0.1618,641.1,566.1,0.0,0.0,0.1617,641.1,566.1,0.0,0.0,0.4579,641.1,566.1,0.0,0.0,0.4579
2023-02-07T14:00:00+00:00,571.1,403.3,0.0,0.0,0.1134,571.1,403.3,0.0,0.0,0.1133,571.1,403.3,0.0,0.0,0.4094,571.1,403.3,0.0,0.0,0.4094
2023-02-07T15:00:00+00:00,518.9,313.9,0.0,0.0,0.0542,518.9,313.9,0.0,0.0,0.0542,518.9,313.9,0.0,0.0,0.3503,518.9,313.9,0.0,0.0,0.3503
2023-02-07T16:00:00+00:00,520.8,228.1,107.3,0.0,0.0,520.8,228.1,107.3,0.0,0.0,520.8,230.9,0.0,0.0,0.2672,520.8,230.9,0.0,0.0,0.2672
2023-02-07T17:00:00+00:00,636.9,143.4,493.5,0.0,0.0,636.9,143.4,493.5,0.0,0.0,636.9,163.1,0.0,0.0,0.1333,636.9,163.1,0.0,0.0,0.1333
2023-02-07T18:00:00+00:00,822.5,0.0,822.5,0.0,0.0,822.5,0.0,822.5,0.0,0.0,822.5,0.0,357.3,0.0,0.0,822.5,0.0,357.6,0.0,0.0
2023-02-07T19:00:00+00:00,925.9,0.0,925.9,0.0,0.0,925.9,0.0,925.9,0.0,0.0,925.9,0.0,925.9,0.0,0.0,925.9,0.0,925.9,0.0,0.0
2023-02-07T20:00:00+00:00,832.6,0.0,832.6,0.0,0.0,832.6,0.0,832.6,0.0,0.0,832.6,0.0,832.6,0.0,0.0,832.6,0.0,832.6,0.0,0.0
2023-02-07T21:00:00+00:00,697.6,0.0,697.6,0.0,0.0,697.6,0.0,697.6,0.0,0.0,697.6,0.0,697.6,0.0,0.0,697.6,0.0,697.6,0.0,0.0
2023-02-07T22:00:00+00:00,577.3,0.0,577.3,0.0,0.0,577.3,0.0,577.3,0.0,0.0,577.3,0.0,2684.7,2107.4,0.5,577.3,0.0,2684.4,2107.1,0.5
2023-02-07T23:00:00+00:00,427.4,0.0,427.4,0.0,0.0,427.4,0.0,427.4,0.0,0.0,427.4,0.0,433.1,5.6,0.5,427.4,0.0,433.1,5.6,0.5
2023-02-08T00:00:00+00:00,288.5,0.0,288.5,0.0,0.0,288.5,0.0,288.5,0.0,0.0,288.5,0.0,293.6,5.1,0.5,288.5,0.0,293.6,5.1,0.5
2023-02-08T01:00:00+00:00,213.5,0.0,213.5,0.0,0.0,213.5,0.0,213.5,0.0,0.0,213.5,0.0,219.2,5.7,0.5,213.5,0.0,219.2,5.7,0.5
2023-02-08T02:00:00+00:00,195.6,0.0,195.6,0.0,0.0,195.6,0.0,195.6,0.0,0.0,195.6,0.0,201.2,5.6,0.5,195.6,0.0,201.2,5.6,0.5
2023-02-08T03:00:00+00:00,190.5,0.0,190.5,0.0,0.0,190.5,0.0,190.5,0.0,0.0,190.5,0.0,195.7,5.2,0.5,190.5,0.0,195.7,5.2,0.5
2023-02-08T04:00:00+00:00,193.5,0.0,193.5,0.0,0.0,193.5,0.0,193.5,0.0,0.0,193.5,0.0,198.9,5.3,0.5,193.5,0.0,198.9,5.3,0.5
2023-02-08T05:00:00+00:00,231.7,0.0,231.7,0.0,0.0,231.7,0.0,231.7,0.0,0.0,231.7,0.0,236.7,5.1,0.5,231.7,0.0,236.7,5.1,0.5
2023-02-08T06:00:00+00:00,445.5,0.0,445.5,0.0,0.0,445.5,0.0,445.5,0.0,0.0,445.5,0.0,450.1,4.6,0.5,445.5,0.0,450.1,4.6,0.5
2023-02-08T07:00:00+00:00,640.0,0.0,640.0,0.0,0.0,640.0,0.0,640.0,0.0,0.0,640.0,0.0,644.3,4.3,0.5,640.0,0.0,644.3,4.3,0.5
2023-02-08T08:00:00+00:00,660.1,53.6,606.5,0.0,0.0,660.1,53.6,606.5,0.0,0.0,660.1,77.2,0.0,0.0,0.3359,660.1,77.2,0.0,0.0,0.3358
2023-02-08T09:00:00+00:00,609.3,147.3,462.0,0.0,0.0,609.3,147.3,462.0,0.0,0.0,609.3,166.6,0.0,0.0,0.2105,609.3,166.6,0.0,0.0,0.2104
2023-02-08T10:00:00+00:00,574.6,1336.8,0.0,0.0,0.1906,574.6,1336.8,0.0,0.0,0.1905,574.6,1336.8,0.0,0.0,0.4,574.6,1336.8,0.0,0.0,0.4
2023-02-08T11:00:00+00:00,584.9,2922.2,0.0,0.0,0.7737,584.9,2922.2,0.0,0.0,0.7735,584.9,2922.2,0.0,0.0,0.9834,584.9,2922.2,0.0,0.0,0.9835
2023-02-08T12:00:00+00:00,646.2,3998.7,0.0,0.0,1.0,646.2,3998.7,0.0,0.0,1.0,646.2,3962.1,0.0,0.0,1.0,646.2,3962.1,0.0,0.0,1.0
2023-02-08T13:00:00+00:00,640.1,3988.7,0.0,0.0,1.0,640.1,3988.7,0.0,0.0,1.0,640.1,3988.7,0.0,0.0,1.0,640.1,3988.7,0.0,0.0,1.0
2023-02-08T14:00:00+00:00,570.2,3612.2,0.0,0.0,1.0,570.2,3612.2,0.0,0.0,1.0,570.2,3612.2,0.0,0.0,1.0,570.2,3612.2,0.0,0.0,1.0
2023-02-08T15:00:00+00:00,518.1,2725.8,0.0,0.0,1.0,518.1,2725.8,0.0,0.0,1.0,518.1,2725.8,0.0,0.0,1.0,518.1,2725.8,0.0,0.0,1.0
2023-02-08T16:00:00+00:00,520.0,521.4,0.0,0.0,0.999,520.0,521.4,0.0,0.0,0.999,520.0,521.4,0.0,0.0,0.999,520.0,521.4,0.0,0.0,0.999
2023-02-08T17:00:00+00:00,635.9,310.1,0.0,0.0,0.9071,635.9,310.1,0.0,0.0,0.9072,635.9,310.1,0.0,0.0,0.9071,635.9,310.1,0.0,0.0,0.9071
2023-02-08T18:00:00+00:00,821.2,0.0,0.0,0.0,0.6785,821.2,0.0,0.0,0.0,0.6786,821.2,0.0,0.0,0.0,0.6783,821.2,0.0,0.0,0.0,0.6783
2023-02-08T19:00:00+00:00,924.4,0.0,0.0,0.0,0.4216,924.4,0.0,0.0,0.0,0.4218,924.4,0.0,0.0,0.0,0.4213,924.4,0.0,0.0,0.0,0.4213
2023-02-08T20:00:00+00:00,831.2,0.0,0.0,0.0,0.1897,831.2,0.0,0.0,0.0,0.19,831.2,0.0,0.0,0.0,0.1894,831.2,0.0,0.0,0.0,0.1892
2023-02-08T21:00:00+00:00,696.5,0.0,21.3,0.0,0.0,696.5,0.0,20.1,0.0,0.0,696.5,0.0,23.1,0.0,0.0,696.5,0.0,23.6,0.0,0.0
2023-02-08T22:00:00+00:00,576.4,0.0,576.4,0.0,0.0,576.4,0.0,576.4,0.0,0.0,576.4,0.0,2681.8,2105.5,0.5,576.4,0.0,2681.5,2105.2,0.5
2023-02-08T23:00:00+00:00,426.8,0.0,426.8,0.0,0.0,426.8,0.0,426.8,0.0,0.0,426.8,0.0,432.2,5.4,0.5,426.8,0.0,432.2,5.4,0.5
2023-02-09T00:00:00+00:00,288.0,0.0,288.0,0.0,0.0,288.0,0.0,288.0,0.0,0.0,288.0,0.0,292.9,4.9,0.5,288.0,0.0,292.9,4.9,0.5
2023-02-09T01:00:00+00:00,213.1,0.0,213.1,0.0,0.0,213.1,0.0,213.1,0.0,0.0,213.1,0.0,218.1,5.0,0.5,213.1,0.0,218.1,5.0,0.5
2023-02-09T02:00:00+00:00,195.3,0.0,195.3,0.0,0.0,195.3,0.0,195.3,0.0,0.0,195.3,0.0,200.3,5.0,0.5,195.3,0.0,200.3,5.0,0.5
2023-02-09T03:00:00+00:00,190.2,0.0,190.2,0.0,0.0,190.2,0.0,190.2,0.0,0.0,190.2,0.0,195.3,5.1,0.5,190.2,0.0,195.3,5.1,0.5
2023-02-09T04:00:00+00:00,193.2,0.0,193.2,0.0,0.0,193.2,0.0,193.2,0.0,0.0,193.2,0.0,198.1,4.9,0.5,193.2,0.0,198.1,4.9,0.5
2023-02-09T05:00:00+00:00,231.3,0.0,231.3,0.0,0.0,231.3,0.0,231.3,0.0,0.0,231.3,0.0,235.9,4.6,0.5,231.3,0.0,235.9,4.6,0.5
2023-02-09T06:00:00+00:00,444.8,0.0,444.8,0.0,0.0,444.8,0.0,444.8,0.0,0.0,444.8,0.0,449.4,4.6,0.5,444.8,0.0,449.4,4.6,0.5
2023-02-09T07:00:00+00:00,639.0,0.0,639.0,0.0,0.0,639.0,0.0,639.0,0.0,0.0,639.0,0.0,644.7,5.7,0.5,639.0,0.0,644.7,5.7,0.5
2023-02-09T08:00:00+00:00,659.1,24.8,634.2,0.0,0.0,659.1,24.8,634.2,0.0,0.0,659.1,49.6,0.0,0.0,0.328,659.1,49.6,0.0,0.0,0.328
2023-02-09T09:00:00+00:00,608.3,642.0,0.0,0.0,0.0083,608.3,642.0,0.0,0.0,0.0083,608.3,642.0,0.0,0.0,0.3349,608.3,642.0,0.0,0.0,0.3348
2023-02-09T10:00:00+00:00,573.6,1093.7,0.0,0.0,0.1368,573.6,1093.7,0.0,0.0,0.1368,573.6,1093.7,0.0,0.0,0.4631,573.6,1093.7,0.0,0.0,0.4631
2023-02-09T11:00:00+00:00,584.0,1928.2,0.0,0.0,0.4709,584.0,1928.2,0.0,0.0,0.4708,584.0,1928.2,0.0,0.0,0.7972,584.0,1928.2,0.0,0.0,0.7972
2023-02-09T12:00:00+00:00,645.1,3489.6,0.0,0.0,1.0,645.1,3489.6,0.0,0.0,1.0,645.1,3446.9,0.0,0.0,1.0,645.1,3446.9,0.0,0.0,1.0
2023-02-09T13:00:00+00:00,639.1,3682.3,0.0,0.0,1.0,639.1,3682.3,0.0,0.0,1.0,639.1,3682.3,0.0,0.0,1.0,639.1,3682.3,0.0,0.0,1.0
2023-02-09T14:00:00+00:00,569.2,1921.8,0.0,0.0,1.0,569.2,1921.8,0.0,0.0,1.0,569.2,1921.8,0.0,0.0,1.0,569.2,1921.8,0.0,0.0,1.0
2023-02-09T15:00:00+00:00,517.2,637.1,0.0,0.0,1.0,517.2,637.1,0.0,0.0,1.0,517.2,637.1,0.0,0.0,1.0,517.2,637.1,0.0,0.0,1.0
2023-02-09T16:00:00+00:00,519.1,394.9,0.0,0.0,0.9637,519.1,394.9,0.0,0.0,0.9637,519.1,394.9,0.0,0.0,0.9637,519.1,394.9,0.0,0.0,0.9637
2023-02-09T17:00:00+00:00,634.8,410.8,0.0,0.0,0.9002,634.8,410.8,0.0,0.0,0.9002,634.8,410.8,0.0,0.0,0.9001,634.8,410.8,0.0,0.0,0.9001
2023-02-09T18:00:00+00:00,819.9,-0.0,0.0,0.0,0.672,819.9,-0.0,0.0,0.0,0.6721,819.9,-0.0,0.0,0.0,0.6719,819.9,-0.0,0.0,0.0,0.6718
2023-02-09T19:00:00+00:00,922.9,0.0,0.0,0.0,0.4157,922.9,0.0,0.0,0.0,0.4159,922.9,0.0,0.0,0.0,0.4155,922.9,0.0,0.0,0.0,0.4154
2023-02-09T20:00:00+00:00,829.9,0.0,0.0,0.0,0.1843,829.9,0.0,0.0,0.0,0.1846,829.9,0.0,0.0,0.0,0.1839,829.9,0.0,0.0,0.0,0.1838
2023-02-09T21:00:00+00:00,695.3,0.0,40.4,0.0,0.0,695.3,0.0,39.3,0.0,0.0,695.3,0.0,42.1,0.0,0.0,695.3,0.0,42.6,0.0,0.0
2023-02-09T22:00:00+00:00,575.4,0.0,575.4,0.0,0.0,575.4,0.0,575.4,0.0,0.0,575.4,0.0,2683.4,2108.0,0.5,575.4,0.0,2683.1,2107.7,0.5
2023-02-09T23:00:00+00:00,426.0,0.0,426.0,0.0,0.0,426.0,0.0,426.0,0.0,0.0,426.0,0.0,432.4,6.3,0.5,426.0,0.0,432.4,6.3,0.5
2023-02-10T00:00:00+00:00,287.5,0.0,287.5,0.0,0.0,287.5,0.0,287.5,0.0,0.0,287.5,0.0,292.0,4.5,0.5,287.5,0.0,292.0,4.5,0.5
2023-02-10T01:00:00+00:00,212.8,0.0,212.8,0.0,0.0,212.8,0.0,212.8,0.0,0.0,212.8,0.0,217.2,4.5,0.5,212.8,0.0,217.2,4.5,0.5
2023-02-10T02:00:00+00:00,195.0,0.0,195.0,0.0,0.0,195.0,0.0,195.0,0.0,0.0,195.0,0.0,199.9,4.9,0.5,195.0,0.0,199.9,4.9,0.5
2023-02-10T03:00:00+00:00,189.9,0.0,189.9,0.0,0.0,189.9,0.0,189.9,0.0,0.0,189.9,0.0,193.9,4.1,0.5,189.9,0.0,193.9,4.1,0.5
2023-02-10T04:00:00+00:00,192.9,0.0,192.9,0.0,0.0,192.9,0.0,192.9,0.0,0.0,192.9,0.0,197.7,4.8,0.5,192.9,0.0,197.7,4.8,0.5
2023-02-10T05:00:00+00:00,230.9,0.0,230.9,0.0,0.0,230.9,0.0,230.9,0.0,0.0,230.9,0.0,235.4,4.5,0.5,230.9,0.0,235.4,4.5,0.5
2023-02-10T06:00:00+00:00,444.1,0.0,444.1,0.0,0.0,444.1,0.0,444.1,0.0,0.0,444.1,0.0,449.6,5.5,0.5,444.1,0.0,449.6,5.5,0.5
2023-02-10T07:00:00+00:00,637.9,0.0,637.9,0.0,0.0,637.9,0.0,637.9,0.0,0.0,637.9,0.0,643.6,5.6,0.5,637.9,0.0,643.6,5.6,0.5
2023-02-10T08:00:00+00:00,658.0,371.5,286.5,0.0,0.0,658.0,371.5,286.5,0.0,0.0,658.0,382.4,0.0,0.0,0.4217,658.0,382.4,0.0,0.0,0.4216
2023-02-10T09:00:00+00:00,607.2,1541.5,0.0,0.0,0.2333,607.2,1541.5,0.0,0.0,0.2332,607.2,1541.5,0.0,0.0,0.6535,607.2,1541.5,0.0,0.0,0.6535
2023-02-10T10:00:00+00:00,572.7,1631.4,0.0,0.0,0.4959,572.7,1631.4,0.0,0.0,0.4958,572.7,1631.4,0.0,0.0,0.9159,572.7,1631.4,0.0,0.0,0.916
2023-02-10T11:00:00+00:00,583.0,3388.4,0.0,0.0,1.0,583.0,3388.4,0.0,0.0,1.0,583.0,3331.3,0.0,0.0,1.0,583.0,3331.3,0.0,0.0,1.0
2023-02-10T12:00:00+00:00,644.0,3263.7,0.0,0.0,1.0,644.0,3263.7,0.0,0.0,1.0,644.0,3263.7,0.0,0.0,1.0,644.0,3263.7,0.0,0.0,1.0
2023-02-10T13:00:00+00:00,638.0,2295.7,0.0,0.0,1.0,638.0,2295.7,0.0,0.0,1.0,638.0,2295.7,0.0,0.0,1.0,638.0,2295.7,0.0,0.0,1.0
2023-02-10T14:00:00+00:00,568.3,1414.5,0.0,0.0,1.0,568.3,1414.5,0.0,0.0,1.0,568.3,1414.5,0.0,0.0,1.0,568.3,1414.5,0.0,0.0,1.0
2023-02-10T15:00:00+00:00,516.3,881.3,0.0,0.0,1.0,516.3,881.3,0.0,0.0,1.0,516.3,881.3,0.0,0.0,1.0,516.3,881.3,0.0,0.0,1.0
2023-02-10T16:00:00+00:00,518.2,383.5,0.0,0.0,0.9608,518.2,383.5,0.0,0.0,0.9608,518.2,383.5,0.0,0.0,0.9607,518.2,383.5,0.0,0.0,0.9607
2023-02-10T17:00:00+00:00,633.7,136.0,0.0,0.0,0.821,633.7,136.0,0.0,0.0,0.821,633.7,136.0,0.0,0.0,0.8209,633.7,136.0,0.0,0.0,0.8208
2023-02-10T18:00:00+00:00,818.5,0.0,0.0,0.0,0.5932,818.5,0.0,0.0,0.0,0.5933,818.5,0.0,0.0,0.0,0.593,818.5,0.0,0.0,0.0,0.5929
2023-02-10T19:00:00+00:00,921.3,0.0,0.0,0.0,0.3375,921.3,0.0,0.0,0.0,0.3377,921.3,0.0,0.0,0.0,0.3372,921.3,0.0,0.0,0.0,0.3371
2023-02-10T20:00:00+00:00,828.5,0.0,0.0,0.0,0.1067,828.5,0.0,0.0,0.0,0.1069,828.5,0.0,0.0,0.0,0.1062,828.5,0.0,0.0,0.0,0.1061
2023-02-10T21:00:00+00:00,694.1,0.0,327.6,0.0,0.0,694.1,0.0,326.8,0.0,0.0,694.1,0.0,329.6,0.0,0.0,694.1,0.0,330.1,0.0,0.0
2023-02-10T22:00:00+00:00,574.4,0.0,574.4,0.0,0.0,574.4,0.0,574.4,0.0,0.0,574.4,0.0,2682.4,2108.0,0.5,574.4,0.0,2682.1,2107.7,0.5
2023-02-10T23:00:00+00:00,425.3,0.0,425.3,0.0,0.0,425.3,0.0,425.3,0.0,0.0,425.3,0.0,430.6,5.3,0.5,425.3,0.0,430.6,5.3,0.5
2023-02-11T00:00:00+00:00,330.0,0.0,330.0,0.0,0.0,330.0,0.0,330.0,0.0,0.0,330.0,0.0,335.0,4.9,0.5,330.0,0.0,335.0,4.9,0.5
2023-02-11T01:00:00+00:00,260.2,0.0,260.2,0.0,0.0,260.2,0.0,260.2,0.0,0.0,260.2,0.0,265.7,5.5,0.5,260.2,0.0,265.7,5.5,0.5
2023-02-11T02:00:00+00:00,207.2,0.0,207.2,0.0,0.0,207.2,0.0,207.2,0.0,0.0,207.2,0.0,212.6,5.4,0.5,207.2,0.0,212.6,5.4,0.5
2023-02-11T03:00:00+00:00,195.4,0.0,195.4,0.0,0.0,195.4,0.0,195.4,0.0,0.0,195.4,0.0,200.7,5.3,0.5,195.4,0.0,200.7,5.3,0.5
2023-02-11T04:00:00+00:00,189.3,0.0,189.3,0.0,0.0,189.3,0.0,189.3,0.0,0.0,189.3,0.0,194.6,5.3,0.5,189.3,0.0,194.6,5.3,0.5
2023-02-11T05:00:00+00:00,197.2,0.0,197.2,0.0,0.0,197.2,0.0,197.2,0.0,0.0,197.2,0.0,202.1,4.9,0.5,197.2,0.0,202.1,4.9,0.5
2023-02-11T06:00:00+00:00,261.3,0.0,261.3,0.0,0.0,261.3,0.0,261.3,0.0,0.0,261.3,0.0,266.6,5.4,0.5,261.3,0.0,266.6,5.4,0.5
2023-02-11T07:00:00+00:00,403.2,0.0,403.2,0.0,0.0,403.2,0.0,403.2,0.0,0.0,403.2,0.0,409.0,5.8,0.5,403.2,0.0,409.0,5.8,0.5
2023-02-11T08:00:00+00:00,589.0,128.2,460.8,0.0,0.0,589.0,128.2,460.8,0.0,0.0,589.0,148.1,0.0,0.0,0.375,589.0,148.1,0.0,0.0,0.375
2023-02-11T09:00:00+00:00,697.2,183.6,513.6,0.0,0.0,697.2,183.6,513.6,0.0,0.0,697.2,202.4,0.0,0.0,0.2357,697.2,202.4,0.0,0.0,0.2357
2023-02-11T10:00:00+00:00,727.4,179.0,548.4,0.0,0.0,727.4,179.0,548.4,0.0,0.0,727.4,198.2,0.0,0.0,0.0871,727.4,198.2,0.0,0.0,0.087
2023-02-11T11:00:00+00:00,762.4,538.1,224.2,0.0,0.0,762.4,538.1,224.2,0.0,0.0,762.4,545.3,0.0,0.0,0.0254,762.4,545.3,0.0,0.0,0.0254
2023-02-11T12:00:00+00:00,819.4,178.9,640.5,0.0,0.0,819.4,178.9,640.5,0.0,0.0,819.4,187.0,550.3,0.0,0.0,819.4,187.0,550.6,0.0,0.0
2023-02-11T13:00:00+00:00,815.4,303.7,511.7,0.0,0.0,815.4,303.7,511.7,0.0,0.0,815.4,303.7,511.7,0.0,0.0,815.4,303.7,511.7,0.0,0.0
2023-02-11T14:00:00+00:00,754.6,174.7,579.9,0.0,0.0,754.6,174.7,579.9,0.0,0.0,754.6,174.7,579.9,0.0,0.0,754.6,174.7,579.9,0.0,0.0
2023-02-11T15:00:00+00:00,707.1,286.5,420.6,0.0,0.0,707.1,286.5,420.6,0.0,0.0,707.1,286.5,420.6,0.0,0.0,707.1,286.5,420.6,0.0,0.0
2023-02-11T16:00:00+00:00,711.6,174.7,536.9,0.0,0.0,711.6,174.7,536.9,0.0,0.0,711.6,174.7,536.9,0.0,0.0,711.6,174.7,536.9,0.0,0.0
2023-02-11T17:00:00+00:00,887.4,186.4,701.0,0.0,0.0,887.4,186.4,701.0,0.0,0.0,887.4,186.4,701.0,0.0,0.0,887.4,186.4,701.0,0.0,0.0
2023-02-11T18:00:00+00:00,1029.5,0.0,1029.5,0.0,0.0,1029.5,0.0,1029.5,0.0,0.0,1029.5,0.0,1029.5,0.0,0.0,1029.5,0.0,1029.5,0.0,0.0
2023-02-11T19:00:00+00:00,1032.9,0.0,1032.9,0.0,0.0,1032.9,0.0,1032.9,0.0,0.0,1032.9,0.0,1032.9,0.0,0.0,1032.9,0.0,1032.9,0.0,0.0
2023-02-11T20:00:00+00:00,845.3,0.0,845.3,0.0,0.0,845.3,0.0,845.3,0.0,0.0,845.3,0.0,845.3,0.0,0.0,845.3,0.0,845.3,0.0,0.0
2023-02-11T21:00:00+00:00,659.1,0.0,659.1,0.0,0.0,659.1,0.0,659.1,0.0,0.0,659.1,0.0,659.1,0.0,0.0,659.1,0.0,659.1,0.0,0.0
2023-02-11T22:00:00+00:00,602.1,0.0,602.1,0.0,0.0,602.1,0.0,602.1,0.0,0.0,602.1,0.0,2710.1,2108.0,0.5,602.1,0.0,2709.8,2107.7,0.5
2023-02-11T23:00:00+00:00,510.7,0.0,510.7,0.0,0.0,510.7,0.0,510.7,0.0,0.0,510.7,0.0,516.2,5.5,0.5,510.7,0.0,516.2,5.5,0.5
2023-02-12T00:00:00+00:00,384.1,0.0,384.1,0.0,0.0,384.1,0.0,384.1,0.0,0.0,384.1,0.0,389.1,5.0,0.5,384.1,0.0,389.1,5.0,0.5
2023-02-12T01:00:00+00:00,276.6,0.0,276.6,0.0,0.0,276.6,0.0,276.6,0.0,0.0,276.6,0.0,282.0,5.3,0.5,276.6,0.0,282.0,5.3,0.5
2023-02-12T02:00:00+00:00,221.4,0.0,221.4,0.0,0.0,221.4,0.0,221.4,0.0,0.0,221.4,0.0,226.9,5.4,0.5,221.4,0.0,226.9,5.4,0.5
2023-02-12T03:00:00+00:00,202.0,0.0,202.0,0.0,0.0,202.0,0.0,202.0,0.0,0.0,202.0,0.0,207.1,5.1,0.5,202.0,0.0,207.1,5.1,0.5
2023-02-12T04:00:00+00:00,190.3,0.0,190.3,0.0,0.0,190.3,0.0,190.3,0.0,0.0,190.3,0.0,194.3,4.1,0.5,190.3,0.0,194.3,4.1,0.5
2023-02-12T05:00:00+00:00,189.7,0.0,189.7,0.0,0.0,189.7,0.0,189.7,0.0,0.0,189.7,0.0,193.9,4.2,0.5,189.7,0.0,193.9,4.2,0.5
2023-02-12T06:00:00+00:00,201.2,0.0,201.2,0.0,0.0,201.2,0.0,201.2,0.0,0.0,201.2,0.0,206.0,4.8,0.5,201.2,0.0,206.0,4.8,0.5
2023-02-12T07:00:00+00:00,245.5,0.0,245.5,0.0,0.0,245.5,0.0,245.5,0.0,0.0,245.5,0.0,250.0,4.5,0.5,245.5,0.0,250.0,4.5,0.5
2023-02-12T08:00:00+00:00,434.8,316.6,118.2,0.0,0.0,434.8,316.6,118.2,0.0,0.0,434.8,323.3,0.0,0.0,0.4671,434.8,323.3,0.0,0.0,0.4671
2023-02-12T09:00:00+00:00,680.1,1606.1,0.0,0.0,0.2314,680.1,1606.1,0.0,0.0,0.2313,680.1,1606.1,0.0,0.0,0.6971,680.1,1606.1,0.0,0.0,0.6971
2023-02-12T10:00:00+00:00,855.2,2023.0,0.0,0.0,0.5217,855.2,2023.0,0.0,0.0,0.5216,855.2,2023.0,0.0,0.0,0.9873,855.2,2023.0,0.0,0.0,0.9873
2023-02-12T11:00:00+00:00,995.6,3359.5,0.0,0.0,1.0,995.6,3359.6,0.0,0.0,1.0,995.6,3294.1,0.0,0.0,1.0,995.6,3294.1,0.0,0.0,1.0
2023-02-12T12:00:00+00:00,1014.8,3951.7,0.0,0.0,1.0,1014.8,3951.7,0.0,0.0,1.0,1014.8,3951.7,0.0,0.0,1.0,1014.8,3951.7,0.0,0.0,1.0
2023-02-12T13:00:00+00:00,849.4,3466.5,0.0,0.0,1.0,849.4,3466.5,0.0,0.0,1.0,849.4,3466.5,0.0,0.0,1.0,849.4,3466.5,0.0,0.0,1.0
2023-02-12T14:00:00+00:00,668.2,3649.5,0.0,0.0,1.0,668.2,3649.5,0.0,0.0,1.0,668.2,3649.5,0.0,0.0,1.0,668.2,3649.5,0.0,0.0,1.0
2023-02-12T15:00:00+00:00,572.3,3065.5,0.0,0.0,1.0,572.3,3065.5,0.0,0.0,1.0,572.3,3065.5,0.0,0.0,1.0,572.3,3065.5,0.0,0.0,1.0
2023-02-12T16:00:00+00:00,523.7,2143.9,0.0,0.0,1.0,523.7,2143.9,0.0,0.0,1.0,523.7,2143.9,0.0,0.0,1.0,523.7,2143.9,0.0,0.0,1.0
2023-02-12T17:00:00+00:00,616.9,763.9,0.0,0.0,1.0,616.9,763.9,0.0,0.0,1.0,616.9,763.9,0.0,0.0,1.0,616.9,763.9,0.0,0.0,1.0
2023-02-12T18:00:00+00:00,767.5,0.0,0.0,0.0,0.7852,767.5,0.0,0.0,0.0,0.7853,767.5,0.0,0.0,0.0,0.7851,767.5,0.0,0.0,0.0,0.7851
2023-02-12T19:00:00+00:00,865.0,0.0,0.0,0.0,0.5443,865.0,0.0,0.0,0.0,0.5444,865.0,0.0,0.0,0.0,0.5441,865.0,0.0,0.0,0.0,0.5441
2023-02-12T20:00:00+00:00,785.6,0.0,0.0,0.0,0.3252,785.6,0.0,0.0,0.0,0.3254,785.6,0.0,0.0,0.0,0.3249,785.6,0.0,0.0,0.0,0.3248
2023-02-12T21:00:00+00:00,665.0,0.0,0.0,0.0,0.1379,665.0,0.0,0.0,0.0,0.138,665.0,0.0,0.0,0.0,0.1374,665.0,0.0,0.0,0.0,0.1373
2023-02-12T22:00:00+00:00,563.0,0.0,82.1,0.0,0.0,563.0,0.0,563.0,0.0,0.1369,563.0,0.0,2090.0,1527.0,0.5,563.0,0.0,2090.3,1527.3,0.5
2023-02-12T23:00:00+00:00,415.2,0.0,415.2,0.0,0.0,415.2,0.0,415.2,0.0,0.1356,415.2,0.0,420.0,4.8,0.5,415.2,0.0,420.0,4.8,0.5
