dc_fraction_low,dc_fraction_high,energy_kwh
0.0,0.025,26.63
0.025,0.05,59.76
0.05,0.075,78.65
0.075,0.1,98.17
0.1,0.125,100.39
0.125,0.15,110.73
0.15,0.175,116.4
0.175,0.2,141.1
0.2,0.225,130.01
0.225,0.25,150.65
0.25,0.275,164.29
0.275,0.3,165.92
0.3,0.325,182.4
0.325,0.35,177.65
0.35,0.375,195.51
0.375,0.4,194.56
0.4,0.425,217.11
0.425,0.45,213.45
0.45,0.475,238.56
0.475,0.5,246.04
0.5,0.525,289.78
0.525,0.55,263.22
0.55,0.575,318.58
0.575,0.6,359.28
0.6,0.625,354.76
0.625,0.65,438.19
0.65,0.675,483.73
0.675,0.7,549.35
0.7,0.725,477.02
0.725,0.75,519.32
0.75,0.775,546.25
0.775,0.8,516.25
0.8,0.825,344.36
0.825,0.85,187.4
0.85,0.875,29.46
0.875,0.9,0.0
0.9,0.925,0.0
0.925,0.95,0.0
0.95,0.975,0.0
0.975,1.0,0.0
