inverter_loading_ratio,pv_kwp,battery_kwh,pv_dc_generation_kwh,usable_ac_system_production_kwh,curtailment_dc_kwh,consumption_kwh,self_consumption_kwh,grid_import_kwh,grid_export_kwh,grid_independence_pct,self_consumption_pct,total_investment,payback_year,npv_savings,lcoe_per_kwh,terminal_health_credit,terminal_health_credit_npv,npv_savings_terminal_adjusted,co2_avoided_total_year1_kg,co2_avoided_total_lifetime_kg,grid_import_cost_year1_prices,grid_export_revenue_year1_prices,fixed_charge_year1_prices,no_system_import_cost_year1_prices,no_system_fixed_charge_year1_prices,bill_year1,no_system_bill_year1,inverter_ac_kw,inverter_conversion_loss_kwh,battery_soh_end_pct,battery_replacements,battery_replacement_cost_npv
1.0,5.5,0.0,8684.95,8306.99,0.0,4000.0,1988.77,2011.23,6318.21,49.72,23.94,4753.53,8,6077.08,0.0551,,,,1062.55,20262.12,519.3,252.73,109.5,1032.8,109.5,376.07,1142.3,5.5,377.96,,,
1.25,5.5,0.0,8684.95,8315.99,1.83,4000.0,1995.79,2004.21,6320.21,49.89,24.0,4700.33,8,6166.33,0.0546,,,,1063.7,20293.23,517.49,252.81,109.5,1032.8,109.5,374.18,1142.3,4.4,367.12,,,
1.5,5.5,0.0,8684.95,8092.21,239.05,4000.0,2000.45,1999.55,6091.76,50.01,24.72,4664.86,8,6141.77,0.0552,,,,1035.07,19976.29,516.28,243.67,109.5,1032.8,109.5,382.11,1142.3,3.667,353.69,,,
1.75,5.5,0.0,8684.95,7613.27,741.25,4000.0,2003.77,1996.23,5609.5,50.09,26.32,4639.52,8,5941.61,0.058,,,,973.81,18971.21,515.43,224.38,109.5,1032.8,109.5,400.55,1142.3,3.143,330.42,,,
2.0,5.5,0.0,8684.95,7101.03,1277.43,4000.0,2006.24,1993.76,5094.79,50.16,28.25,4620.52,9,5689.97,0.0617,,,,908.29,17776.2,514.79,203.79,109.5,1032.8,109.5,420.5,1142.3,2.75,306.49,,,
1.0,5.5,5.0,8684.95,8141.07,0.0,4000.0,3146.99,849.21,4994.08,78.77,38.66,7901.69,14,4584.8,0.1026,,,,1041.32,19909.03,219.27,199.76,109.5,1032.8,109.5,129.01,1142.3,5.5,444.43,70.51,1.0,2264.89
1.25,5.5,5.0,8684.95,8166.8,1.59,4000.0,3165.36,830.77,5001.43,79.23,38.76,7788.85,13,4782.96,0.1013,,,,1044.61,19971.86,214.5,200.06,109.5,1032.8,109.5,123.94,1142.3,4.4,416.85,70.5,1.0,2265.01
1.5,5.5,5.0,8684.95,7960.18,233.4,4000.0,3177.31,818.77,4782.87,79.53,39.92,7713.63,13,4833.42,0.1023,,,,1018.19,19686.98,211.41,191.31,109.5,1032.8,109.5,129.6,1142.3,3.667,391.5,70.47,1.0,2265.13
1.75,5.5,5.0,8684.95,7503.15,722.42,4000.0,3185.71,810.33,4317.44,79.74,42.46,7659.89,13,4690.26,0.1072,,,,959.73,18718.06,209.23,172.7,109.5,1032.8,109.5,146.03,1142.3,3.143,359.42,70.47,1.0,2265.13
2.0,5.5,5.0,8684.95,7040.86,1213.95,4000.0,3191.83,804.19,3849.03,79.9,45.33,7619.6,14,4491.54,0.1137,,,,900.6,17593.78,207.64,153.96,109.5,1032.8,109.5,163.18,1142.3,2.75,330.12,70.46,1.0,2265.19
