Datetime,PV_DC,PV_DC_Curtailed,PV_Production,Houseload
2023-07-02T23:00:00+00:00,0.0,0.0,0.0,275.1
2023-07-02T23:15:00+00:00,0.0,0.0,0.0,245.1
2023-07-02T23:30:00+00:00,0.0,0.0,0.0,219.3
2023-07-02T23:45:00+00:00,0.0,0.0,0.0,198.9
2023-07-03T00:00:00+00:00,0.0,0.0,0.0,184.9
2023-07-03T00:15:00+00:00,0.0,0.0,0.0,176.1
2023-07-03T00:30:00+00:00,0.0,0.0,0.0,170.7
2023-07-03T00:45:00+00:00,0.0,0.0,0.0,167.0
2023-07-03T01:00:00+00:00,0.0,0.0,0.0,163.6
2023-07-03T01:15:00+00:00,0.0,0.0,0.0,160.0
2023-07-03T01:30:00+00:00,0.0,0.0,0.0,156.8
2023-07-03T01:45:00+00:00,0.0,0.0,0.0,153.8
2023-07-03T02:00:00+00:00,0.0,0.0,0.0,151.1
2023-07-03T02:15:00+00:00,0.0,0.0,0.0,149.2
2023-07-03T02:30:00+00:00,0.0,0.0,0.0,148.3
2023-07-03T02:45:00+00:00,0.0,0.0,0.0,148.4
2023-07-03T03:00:00+00:00,0.0,0.0,0.0,150.1
2023-07-03T03:15:00+00:00,0.0,0.0,0.0,152.9
2023-07-03T03:30:00+00:00,0.0,0.0,0.0,156.8
2023-07-03T03:45:00+00:00,0.0,0.0,0.0,161.6
2023-07-03T04:00:00+00:00,0.0,0.0,0.0,167.6
2023-07-03T04:15:00+00:00,0.0,0.0,0.0,177.2
2023-07-03T04:30:00+00:00,0.0,0.0,0.0,192.7
2023-07-03T04:45:00+00:00,0.0,0.0,0.0,217.3
2023-07-03T05:00:00+00:00,0.0,0.0,0.0,252.2
2023-07-03T05:15:00+00:00,65.5,0.0,47.5,292.8
2023-07-03T05:30:00+00:00,135.0,0.0,115.6,333.6
2023-07-03T05:45:00+00:00,205.8,0.0,185.0,368.3
2023-07-03T06:00:00+00:00,277.4,0.0,255.1,393.0
2023-07-03T06:15:00+00:00,379.1,0.0,354.7,409.3
2023-07-03T06:30:00+00:00,476.6,0.0,449.9,420.3
2023-07-03T06:45:00+00:00,581.8,0.0,552.6,429.3
2023-07-03T07:00:00+00:00,702.7,0.0,670.4,438.7
2023-07-03T07:15:00+00:00,818.1,0.0,782.8,448.0
2023-07-03T07:30:00+00:00,921.0,0.0,882.8,455.9
2023-07-03T07:45:00+00:00,1012.9,0.0,972.0,461.1
2023-07-03T08:00:00+00:00,1105.4,0.0,1061.8,462.7
2023-07-03T08:15:00+00:00,1259.8,0.0,1211.4,461.3
2023-07-03T08:30:00+00:00,1522.3,0.0,1465.0,457.7
2023-07-03T08:45:00+00:00,1861.2,0.0,1791.4,453.1
2023-07-03T09:00:00+00:00,2210.5,0.0,2126.4,448.2
2023-07-03T09:15:00+00:00,2522.7,0.0,2424.6,444.0
2023-07-03T09:30:00+00:00,2817.1,0.0,2704.9,441.0
2023-07-03T09:45:00+00:00,3089.4,224.8,2750.0,439.8
2023-07-03T10:00:00+00:00,3316.9,452.3,2750.0,441.3
2023-07-03T10:15:00+00:00,3500.6,636.0,2750.0,445.9
2023-07-03T10:30:00+00:00,3663.9,799.3,2750.0,454.1
2023-07-03T10:45:00+00:00,3807.2,942.6,2750.0,466.3
2023-07-03T11:00:00+00:00,3931.2,1066.7,2750.0,482.3
2023-07-03T11:15:00+00:00,4040.2,1175.6,2750.0,498.9
2023-07-03T11:30:00+00:00,4136.1,1271.5,2750.0,511.7
2023-07-03T11:45:00+00:00,4216.5,1351.9,2750.0,516.7
2023-07-03T12:00:00+00:00,4279.3,1414.7,2750.0,510.8
2023-07-03T12:15:00+00:00,4325.0,1460.4,2750.0,496.8
2023-07-03T12:30:00+00:00,4353.7,1489.1,2750.0,478.1
2023-07-03T12:45:00+00:00,4362.9,1498.4,2750.0,458.3
2023-07-03T13:00:00+00:00,4351.0,1486.4,2750.0,440.6
2023-07-03T13:15:00+00:00,4317.9,1453.3,2750.0,425.2
2023-07-03T13:30:00+00:00,4264.1,1399.5,2750.0,411.7
2023-07-03T13:45:00+00:00,4189.2,1324.7,2750.0,400.0
2023-07-03T14:00:00+00:00,4093.3,1228.7,2750.0,389.7
2023-07-03T14:15:00+00:00,3971.4,1106.8,2750.0,380.8
2023-07-03T14:30:00+00:00,3825.1,960.5,2750.0,373.6
2023-07-03T14:45:00+00:00,3663.3,798.7,2750.0,368.2
2023-07-03T15:00:00+00:00,3493.2,628.6,2750.0,364.8
2023-07-03T15:15:00+00:00,3318.5,453.9,2750.0,363.6
2023-07-03T15:30:00+00:00,3135.2,270.6,2750.0,364.7
2023-07-03T15:45:00+00:00,2939.0,74.4,2750.0,368.1
2023-07-03T16:00:00+00:00,2727.3,0.0,2619.5,374.3
2023-07-03T16:15:00+00:00,2498.7,0.0,2401.7,382.9
2023-07-03T16:30:00+00:00,2257.4,0.0,2171.2,394.2
2023-07-03T16:45:00+00:00,2010.3,0.0,1934.6,407.8
2023-07-03T17:00:00+00:00,1763.2,0.0,1697.1,424.0
2023-07-03T17:15:00+00:00,1517.1,0.0,1460.1,442.1
2023-07-03T17:30:00+00:00,1272.9,0.0,1224.0,461.5
2023-07-03T17:45:00+00:00,1035.2,0.0,993.7,482.0
2023-07-03T18:00:00+00:00,810.3,0.0,775.2,502.6
2023-07-03T18:15:00+00:00,600.8,0.0,571.2,521.2
2023-07-03T18:30:00+00:00,423.4,0.0,398.0,535.5
2023-07-03T18:45:00+00:00,318.2,0.0,295.0,543.0
2023-07-03T19:00:00+00:00,254.0,0.0,232.3,542.2
2023-07-03T19:15:00+00:00,188.5,0.0,168.1,535.6
2023-07-03T19:30:00+00:00,123.6,0.0,104.5,525.9
2023-07-03T19:45:00+00:00,59.9,0.0,42.0,516.5
2023-07-03T20:00:00+00:00,0.0,0.0,0.0,509.5
2023-07-03T20:15:00+00:00,0.0,0.0,0.0,504.1
2023-07-03T20:30:00+00:00,0.0,0.0,0.0,499.0
2023-07-03T20:45:00+00:00,0.0,0.0,0.0,492.5
2023-07-03T21:00:00+00:00,0.0,0.0,0.0,483.3
2023-07-03T21:15:00+00:00,0.0,0.0,0.0,470.5
2023-07-03T21:30:00+00:00,0.0,0.0,0.0,453.6
2023-07-03T21:45:00+00:00,0.0,0.0,0.0,431.7
2023-07-03T22:00:00+00:00,0.0,0.0,0.0,404.7
2023-07-03T22:15:00+00:00,0.0,0.0,0.0,373.7
2023-07-03T22:30:00+00:00,0.0,0.0,0.0,340.7
2023-07-03T22:45:00+00:00,0.0,0.0,0.0,307.2
2023-07-03T23:00:00+00:00,0.0,0.0,0.0,274.7
2023-07-03T23:15:00+00:00,0.0,0.0,0.0,244.8
2023-07-03T23:30:00+00:00,0.0,0.0,0.0,219.0
2023-07-03T23:45:00+00:00,0.0,0.0,0.0,198.6
2023-07-04T00:00:00+00:00,0.0,0.0,0.0,184.6
2023-07-04T00:15:00+00:00,0.0,0.0,0.0,175.8
2023-07-04T00:30:00+00:00,0.0,0.0,0.0,170.5
2023-07-04T00:45:00+00:00,0.0,0.0,0.0,166.8
2023-07-04T01:00:00+00:00,0.0,0.0,0.0,163.4
2023-07-04T01:15:00+00:00,0.0,0.0,0.0,159.8
2023-07-04T01:30:00+00:00,0.0,0.0,0.0,156.6
2023-07-04T01:45:00+00:00,0.0,0.0,0.0,153.6
2023-07-04T02:00:00+00:00,0.0,0.0,0.0,150.9
2023-07-04T02:15:00+00:00,0.0,0.0,0.0,149.0
2023-07-04T02:30:00+00:00,0.0,0.0,0.0,148.1
2023-07-04T02:45:00+00:00,0.0,0.0,0.0,148.2
2023-07-04T03:00:00+00:00,0.0,0.0,0.0,149.9
2023-07-04T03:15:00+00:00,0.0,0.0,0.0,152.7
2023-07-04T03:30:00+00:00,0.0,0.0,0.0,156.6
2023-07-04T03:45:00+00:00,0.0,0.0,0.0,161.4
2023-07-04T04:00:00+00:00,0.0,0.0,0.0,167.4
2023-07-04T04:15:00+00:00,0.0,0.0,0.0,177.0
2023-07-04T04:30:00+00:00,0.0,0.0,0.0,192.5
2023-07-04T04:45:00+00:00,0.0,0.0,0.0,217.0
2023-07-04T05:00:00+00:00,0.0,0.0,0.0,251.9
2023-07-04T05:15:00+00:00,55.0,0.0,37.1,292.5
2023-07-04T05:30:00+00:00,113.4,0.0,94.4,333.2
2023-07-04T05:45:00+00:00,172.8,0.0,152.7,367.9
2023-07-04T06:00:00+00:00,232.8,0.0,211.5,392.5
2023-07-04T06:15:00+00:00,295.4,0.0,272.8,408.8
2023-07-04T06:30:00+00:00,348.9,0.0,325.1,419.8
2023-07-04T06:45:00+00:00,449.3,0.0,423.3,428.8
2023-07-04T07:00:00+00:00,643.0,0.0,612.3,438.2
2023-07-04T07:15:00+00:00,854.8,0.0,818.5,447.5
2023-07-04T07:30:00+00:00,1083.1,0.0,1040.2,455.4
2023-07-04T07:45:00+00:00,1323.5,0.0,1273.0,460.6
2023-07-04T08:00:00+00:00,1566.4,0.0,1507.6,462.1
2023-07-04T08:15:00+00:00,1804.8,0.0,1737.1,460.7
2023-07-04T08:30:00+00:00,2037.9,0.0,1961.0,457.1
2023-07-04T08:45:00+00:00,2264.2,0.0,2177.8,452.5
2023-07-04T09:00:00+00:00,2484.2,0.0,2387.9,447.7
2023-07-04T09:15:00+00:00,2698.2,0.0,2591.8,443.5
2023-07-04T09:30:00+00:00,2903.7,39.1,2750.0,440.4
2023-07-04T09:45:00+00:00,3097.7,233.1,2750.0,439.3
2023-07-04T10:00:00+00:00,3276.7,412.1,2750.0,440.8
2023-07-04T10:15:00+00:00,3439.6,575.0,2750.0,445.4
2023-07-04T10:30:00+00:00,3587.5,722.9,2750.0,453.5
2023-07-04T10:45:00+00:00,3720.1,855.5,2750.0,465.7
2023-07-04T11:00:00+00:00,3837.0,972.4,2750.0,481.7
2023-07-04T11:15:00+00:00,3939.8,1075.2,2750.0,498.3
2023-07-04T11:30:00+00:00,4028.9,1164.3,2750.0,511.1
2023-07-04T11:45:00+00:00,4102.8,1238.2,2750.0,516.0
2023-07-04T12:00:00+00:00,4159.9,1295.3,2750.0,510.2
2023-07-04T12:15:00+00:00,4199.7,1335.1,2750.0,496.2
2023-07-04T12:30:00+00:00,4222.7,1358.1,2750.0,477.5
2023-07-04T12:45:00+00:00,4229.0,1364.4,2750.0,457.8
2023-07-04T13:00:00+00:00,4218.6,1354.0,2750.0,440.1
2023-07-04T13:15:00+00:00,4192.0,1327.4,2750.0,424.7
2023-07-04T13:30:00+00:00,4147.9,1283.3,2750.0,411.2
2023-07-04T13:45:00+00:00,4084.7,1220.1,2750.0,399.5
2023-07-04T14:00:00+00:00,4001.3,1136.7,2750.0,389.2
2023-07-04T14:15:00+00:00,3897.0,1032.4,2750.0,380.3
2023-07-04T14:30:00+00:00,3772.0,907.4,2750.0,373.2
2023-07-04T14:45:00+00:00,3628.1,763.5,2750.0,367.7
2023-07-04T15:00:00+00:00,3466.9,602.3,2750.0,364.4
2023-07-04T15:15:00+00:00,3290.2,425.6,2750.0,363.1
2023-07-04T15:30:00+00:00,3099.4,234.8,2750.0,364.3
2023-07-04T15:45:00+00:00,2895.9,31.3,2750.0,367.7
2023-07-04T16:00:00+00:00,2681.2,0.0,2575.6,373.8
2023-07-04T16:15:00+00:00,2456.5,0.0,2361.5,382.4
2023-07-04T16:30:00+00:00,2224.0,0.0,2139.3,393.7
2023-07-04T16:45:00+00:00,1986.6,0.0,1911.8,407.3
2023-07-04T17:00:00+00:00,1746.4,0.0,1681.0,423.5
2023-07-04T17:15:00+00:00,1505.8,0.0,1449.1,441.5
2023-07-04T17:30:00+00:00,1266.6,0.0,1217.9,461.0
2023-07-04T17:45:00+00:00,1030.4,0.0,989.0,481.4
2023-07-04T18:00:00+00:00,801.3,0.0,766.4,502.0
2023-07-04T18:15:00+00:00,588.5,0.0,559.1,520.6
2023-07-04T18:30:00+00:00,396.2,0.0,371.3,534.8
2023-07-04T18:45:00+00:00,275.3,0.0,253.0,542.3
2023-07-04T19:00:00+00:00,220.4,0.0,199.3,541.5
2023-07-04T19:15:00+00:00,163.5,0.0,143.5,534.9
2023-07-04T19:30:00+00:00,107.1,0.0,88.3,525.2
2023-07-04T19:45:00+00:00,51.9,0.0,34.1,515.8
2023-07-04T20:00:00+00:00,0.0,0.0,0.0,508.8
2023-07-04T20:15:00+00:00,0.0,0.0,0.0,503.5
2023-07-04T20:30:00+00:00,0.0,0.0,0.0,498.4
2023-07-04T20:45:00+00:00,0.0,0.0,0.0,491.9
2023-07-04T21:00:00+00:00,0.0,0.0,0.0,482.8
2023-07-04T21:15:00+00:00,0.0,0.0,0.0,469.9
2023-07-04T21:30:00+00:00,0.0,0.0,0.0,453.0
2023-07-04T21:45:00+00:00,0.0,0.0,0.0,431.1
2023-07-04T22:00:00+00:00,0.0,0.0,0.0,404.2
2023-07-04T22:15:00+00:00,0.0,0.0,0.0,373.3
2023-07-04T22:30:00+00:00,0.0,0.0,0.0,340.2
2023-07-04T22:45:00+00:00,0.0,0.0,0.0,306.8
2023-07-04T23:00:00+00:00,0.0,0.0,0.0,274.4
2023-07-04T23:15:00+00:00,0.0,0.0,0.0,244.5
2023-07-04T23:30:00+00:00,0.0,0.0,0.0,218.7
2023-07-04T23:45:00+00:00,0.0,0.0,0.0,198.4
2023-07-05T00:00:00+00:00,0.0,0.0,0.0,184.4
2023-07-05T00:15:00+00:00,0.0,0.0,0.0,175.6
2023-07-05T00:30:00+00:00,0.0,0.0,0.0,170.3
2023-07-05T00:45:00+00:00,0.0,0.0,0.0,166.6
2023-07-05T01:00:00+00:00,0.0,0.0,0.0,163.2
2023-07-05T01:15:00+00:00,0.0,0.0,0.0,159.6
2023-07-05T01:30:00+00:00,0.0,0.0,0.0,156.4
2023-07-05T01:45:00+00:00,0.0,0.0,0.0,153.4
2023-07-05T02:00:00+00:00,0.0,0.0,0.0,150.7
2023-07-05T02:15:00+00:00,0.0,0.0,0.0,148.8
2023-07-05T02:30:00+00:00,0.0,0.0,0.0,147.9
2023-07-05T02:45:00+00:00,0.0,0.0,0.0,148.0
2023-07-05T03:00:00+00:00,0.0,0.0,0.0,149.7
2023-07-05T03:15:00+00:00,0.0,0.0,0.0,152.5
2023-07-05T03:30:00+00:00,0.0,0.0,0.0,156.4
2023-07-05T03:45:00+00:00,0.0,0.0,0.0,161.2
2023-07-05T04:00:00+00:00,0.0,0.0,0.0,167.2
2023-07-05T04:15:00+00:00,0.0,0.0,0.0,176.7
2023-07-05T04:30:00+00:00,0.0,0.0,0.0,192.2
2023-07-05T04:45:00+00:00,0.0,0.0,0.0,216.8
2023-07-05T05:00:00+00:00,0.0,0.0,0.0,251.6
2023-07-05T05:15:00+00:00,53.2,0.0,35.4,292.1
2023-07-05T05:30:00+00:00,109.8,0.0,91.0,332.8
2023-07-05T05:45:00+00:00,167.5,0.0,147.5,367.4
2023-07-05T06:00:00+00:00,225.7,0.0,204.5,392.1
2023-07-05T06:15:00+00:00,283.5,0.0,261.1,408.3
2023-07-05T06:30:00+00:00,332.4,0.0,309.0,419.3
2023-07-05T06:45:00+00:00,429.4,0.0,403.8,428.3
2023-07-05T07:00:00+00:00,627.3,0.0,597.0,437.7
2023-07-05T07:15:00+00:00,843.3,0.0,807.3,446.9
2023-07-05T07:30:00+00:00,1072.3,0.0,1029.7,454.8
2023-07-05T07:45:00+00:00,1309.9,0.0,1259.9,460.0
2023-07-05T08:00:00+00:00,1550.1,0.0,1491.8,461.5
2023-07-05T08:15:00+00:00,1788.2,0.0,1721.2,460.1
2023-07-05T08:30:00+00:00,2022.5,0.0,1946.3,456.6
2023-07-05T08:45:00+00:00,2250.4,0.0,2164.5,452.0
2023-07-05T09:00:00+00:00,2470.7,0.0,2375.0,447.2
2023-07-05T09:15:00+00:00,2683.5,0.0,2577.8,443.0
2023-07-05T09:30:00+00:00,2887.2,22.6,2750.0,439.9
2023-07-05T09:45:00+00:00,3079.3,214.7,2750.0,438.8
2023-07-05T10:00:00+00:00,3256.5,391.9,2750.0,440.3
2023-07-05T10:15:00+00:00,3418.4,553.8,2750.0,444.8
2023-07-05T10:30:00+00:00,3566.2,701.6,2750.0,453.0
2023-07-05T10:45:00+00:00,3698.6,834.0,2750.0,465.2
2023-07-05T11:00:00+00:00,3814.0,949.4,2750.0,481.2
2023-07-05T11:15:00+00:00,3912.8,1048.2,2750.0,497.7
2023-07-05T11:30:00+00:00,3996.2,1131.6,2750.0,510.5
2023-07-05T11:45:00+00:00,4063.2,1198.6,2750.0,515.4
2023-07-05T12:00:00+00:00,4113.2,1248.6,2750.0,509.6
2023-07-05T12:15:00+00:00,4145.4,1280.8,2750.0,495.6
2023-07-05T12:30:00+00:00,4159.8,1295.2,2750.0,476.9
2023-07-05T12:45:00+00:00,4157.2,1292.7,2750.0,457.2
2023-07-05T13:00:00+00:00,4138.6,1274.0,2750.0,439.6
2023-07-05T13:15:00+00:00,4104.5,1239.9,2750.0,424.2
2023-07-05T13:30:00+00:00,4054.3,1189.7,2750.0,410.7
2023-07-05T13:45:00+00:00,3986.8,1122.3,2750.0,399.0
2023-07-05T14:00:00+00:00,3901.2,1036.6,2750.0,388.8
2023-07-05T14:15:00+00:00,3797.3,932.7,2750.0,379.9
2023-07-05T14:30:00+00:00,3676.3,811.7,2750.0,372.7
2023-07-05T14:45:00+00:00,3539.0,674.4,2750.0,367.3
2023-07-05T15:00:00+00:00,3386.4,521.8,2750.0,364.0
2023-07-05T15:15:00+00:00,3219.8,355.2,2750.0,362.7
2023-07-05T15:30:00+00:00,3039.7,175.1,2750.0,363.8
2023-07-05T15:45:00+00:00,2846.0,0.0,2732.3,367.3
2023-07-05T16:00:00+00:00,2639.2,0.0,2535.7,373.4
2023-07-05T16:15:00+00:00,2417.7,0.0,2324.5,382.0
2023-07-05T16:30:00+00:00,2185.7,0.0,2102.6,393.3
2023-07-05T16:45:00+00:00,1950.7,0.0,1877.4,406.9
2023-07-05T17:00:00+00:00,1717.9,0.0,1653.5,423.0
2023-07-05T17:15:00+00:00,1484.4,0.0,1428.5,441.0
2023-07-05T17:30:00+00:00,1248.5,0.0,1200.4,460.4
2023-07-05T17:45:00+00:00,1014.6,0.0,973.7,480.9
2023-07-05T18:00:00+00:00,788.1,0.0,753.6,501.4
2023-07-05T18:15:00+00:00,577.5,0.0,548.4,520.0
2023-07-05T18:30:00+00:00,389.1,0.0,364.4,534.2
2023-07-05T18:45:00+00:00,271.2,0.0,249.1,541.7
2023-07-05T19:00:00+00:00,217.3,0.0,196.3,540.9
2023-07-05T19:15:00+00:00,161.2,0.0,141.3,534.3
2023-07-05T19:30:00+00:00,105.6,0.0,86.8,524.6
2023-07-05T19:45:00+00:00,51.1,0.0,33.4,515.2
2023-07-05T20:00:00+00:00,0.0,0.0,0.0,508.2
2023-07-05T20:15:00+00:00,0.0,0.0,0.0,502.9
2023-07-05T20:30:00+00:00,0.0,0.0,0.0,497.8
2023-07-05T20:45:00+00:00,0.0,0.0,0.0,491.3
2023-07-05T21:00:00+00:00,0.0,0.0,0.0,482.2
2023-07-05T21:15:00+00:00,0.0,0.0,0.0,469.4
2023-07-05T21:30:00+00:00,0.0,0.0,0.0,452.5
2023-07-05T21:45:00+00:00,0.0,0.0,0.0,430.6
2023-07-05T22:00:00+00:00,0.0,0.0,0.0,403.7
2023-07-05T22:15:00+00:00,0.0,0.0,0.0,372.9
2023-07-05T22:30:00+00:00,0.0,0.0,0.0,339.9
2023-07-05T22:45:00+00:00,0.0,0.0,0.0,306.5
2023-07-05T23:00:00+00:00,0.0,0.0,0.0,274.1
2023-07-05T23:15:00+00:00,0.0,0.0,0.0,244.2
2023-07-05T23:30:00+00:00,0.0,0.0,0.0,218.5
2023-07-05T23:45:00+00:00,0.0,0.0,0.0,198.2
2023-07-06T00:00:00+00:00,0.0,0.0,0.0,184.2
2023-07-06T00:15:00+00:00,0.0,0.0,0.0,175.4
2023-07-06T00:30:00+00:00,0.0,0.0,0.0,170.1
2023-07-06T00:45:00+00:00,0.0,0.0,0.0,166.4
2023-07-06T01:00:00+00:00,0.0,0.0,0.0,163.0
2023-07-06T01:15:00+00:00,0.0,0.0,0.0,159.4
2023-07-06T01:30:00+00:00,0.0,0.0,0.0,156.3
2023-07-06T01:45:00+00:00,0.0,0.0,0.0,153.2
2023-07-06T02:00:00+00:00,0.0,0.0,0.0,150.5
2023-07-06T02:15:00+00:00,0.0,0.0,0.0,148.6
2023-07-06T02:30:00+00:00,0.0,0.0,0.0,147.7
2023-07-06T02:45:00+00:00,0.0,0.0,0.0,147.9
2023-07-06T03:00:00+00:00,0.0,0.0,0.0,149.5
2023-07-06T03:15:00+00:00,0.0,0.0,0.0,152.3
2023-07-06T03:30:00+00:00,0.0,0.0,0.0,156.2
2023-07-06T03:45:00+00:00,0.0,0.0,0.0,161.1
2023-07-06T04:00:00+00:00,0.0,0.0,0.0,167.0
2023-07-06T04:15:00+00:00,0.0,0.0,0.0,176.5
2023-07-06T04:30:00+00:00,0.0,0.0,0.0,192.0
2023-07-06T04:45:00+00:00,0.0,0.0,0.0,216.5
2023-07-06T05:00:00+00:00,0.0,0.0,0.0,251.3
2023-07-06T05:15:00+00:00,51.6,0.0,33.8,291.8
2023-07-06T05:30:00+00:00,106.6,0.0,87.8,332.4
2023-07-06T05:45:00+00:00,162.8,0.0,142.9,367.0
2023-07-06T06:00:00+00:00,219.7,0.0,198.7,391.6
2023-07-06T06:15:00+00:00,275.2,0.0,253.0,407.9
2023-07-06T06:30:00+00:00,322.5,0.0,299.3,418.8
2023-07-06T06:45:00+00:00,418.3,0.0,393.0,427.8
2023-07-06T07:00:00+00:00,621.0,0.0,590.8,437.2
2023-07-06T07:15:00+00:00,843.5,0.0,807.4,446.4
2023-07-06T07:30:00+00:00,1078.9,0.0,1036.1,454.3
2023-07-06T07:45:00+00:00,1322.2,0.0,1271.8,459.5
2023-07-06T08:00:00+00:00,1568.4,0.0,1509.5,461.0
2023-07-06T08:15:00+00:00,1813.4,0.0,1745.5,459.6
2023-07-06T08:30:00+00:00,2055.1,0.0,1977.5,456.1
2023-07-06T08:45:00+00:00,2290.9,0.0,2203.3,451.5
2023-07-06T09:00:00+00:00,2518.6,0.0,2420.7,446.7
2023-07-06T09:15:00+00:00,2736.2,0.0,2628.0,442.5
2023-07-06T09:30:00+00:00,2941.8,77.3,2750.0,439.4
2023-07-06T09:45:00+00:00,3134.1,269.6,2750.0,438.3
2023-07-06T10:00:00+00:00,3312.3,447.7,2750.0,439.8
2023-07-06T10:15:00+00:00,3476.6,612.0,2750.0,444.3
2023-07-06T10:30:00+00:00,3625.9,761.3,2750.0,452.5
2023-07-06T10:45:00+00:00,3757.3,892.7,2750.0,464.6
2023-07-06T11:00:00+00:00,3867.9,1003.3,2750.0,480.6
2023-07-06T11:15:00+00:00,3956.4,1091.8,2750.0,497.1
2023-07-06T11:30:00+00:00,4023.6,1159.1,2750.0,509.9
2023-07-06T11:45:00+00:00,4069.6,1205.0,2750.0,514.9
2023-07-06T12:00:00+00:00,4094.7,1230.1,2750.0,509.0
2023-07-06T12:15:00+00:00,4096.9,1232.3,2750.0,495.1
2023-07-06T12:30:00+00:00,4077.8,1213.2,2750.0,476.4
2023-07-06T12:45:00+00:00,4045.4,1180.8,2750.0,456.7
2023-07-06T13:00:00+00:00,4009.5,1144.9,2750.0,439.1
2023-07-06T13:15:00+00:00,3982.1,1117.5,2750.0,423.7
2023-07-06T13:30:00+00:00,3957.1,1092.5,2750.0,410.3
2023-07-06T13:45:00+00:00,3918.9,1054.3,2750.0,398.6
2023-07-06T14:00:00+00:00,3857.3,992.7,2750.0,388.3
2023-07-06T14:15:00+00:00,3770.7,906.1,2750.0,379.4
2023-07-06T14:30:00+00:00,3662.5,797.9,2750.0,372.3
2023-07-06T14:45:00+00:00,3534.8,670.2,2750.0,366.9
2023-07-06T15:00:00+00:00,3390.4,525.9,2750.0,363.6
2023-07-06T15:15:00+00:00,3234.1,369.5,2750.0,362.3
2023-07-06T15:30:00+00:00,3064.9,200.3,2750.0,363.4
2023-07-06T15:45:00+00:00,2878.9,14.3,2750.0,366.9
2023-07-06T16:00:00+00:00,2674.6,0.0,2569.3,372.9
2023-07-06T16:15:00+00:00,2453.9,0.0,2359.0,381.6
2023-07-06T16:30:00+00:00,2222.4,0.0,2137.7,392.8
2023-07-06T16:45:00+00:00,1984.3,0.0,1909.6,406.4
2023-07-06T17:00:00+00:00,1742.9,0.0,1677.6,422.5
2023-07-06T17:15:00+00:00,1501.6,0.0,1445.1,440.5
2023-07-06T17:30:00+00:00,1261.9,0.0,1213.4,459.9
2023-07-06T17:45:00+00:00,1024.8,0.0,983.6,480.3
2023-07-06T18:00:00+00:00,793.9,0.0,759.2,500.9
2023-07-06T18:15:00+00:00,580.2,0.0,551.0,519.4
2023-07-06T18:30:00+00:00,386.3,0.0,361.7,533.6
2023-07-06T18:45:00+00:00,262.4,0.0,240.5,541.1
2023-07-06T19:00:00+00:00,209.8,0.0,189.0,540.3
2023-07-06T19:15:00+00:00,155.7,0.0,135.9,533.7
2023-07-06T19:30:00+00:00,102.0,0.0,83.3,524.1
2023-07-06T19:45:00+00:00,49.4,0.0,31.7,514.7
2023-07-06T20:00:00+00:00,0.0,0.0,0.0,507.7
2023-07-06T20:15:00+00:00,0.0,0.0,0.0,502.4
2023-07-06T20:30:00+00:00,0.0,0.0,0.0,497.3
2023-07-06T20:45:00+00:00,0.0,0.0,0.0,490.8
2023-07-06T21:00:00+00:00,0.0,0.0,0.0,481.7
2023-07-06T21:15:00+00:00,0.0,0.0,0.0,468.9
2023-07-06T21:30:00+00:00,0.0,0.0,0.0,452.0
2023-07-06T21:45:00+00:00,0.0,0.0,0.0,430.2
2023-07-06T22:00:00+00:00,0.0,0.0,0.0,403.3
2023-07-06T22:15:00+00:00,0.0,0.0,0.0,372.5
2023-07-06T22:30:00+00:00,0.0,0.0,0.0,339.5
2023-07-06T22:45:00+00:00,0.0,0.0,0.0,306.1
2023-07-06T23:00:00+00:00,0.0,0.0,0.0,273.8
2023-07-06T23:15:00+00:00,0.0,0.0,0.0,244.0
2023-07-06T23:30:00+00:00,0.0,0.0,0.0,218.2
2023-07-06T23:45:00+00:00,0.0,0.0,0.0,197.9
2023-07-07T00:00:00+00:00,0.0,0.0,0.0,184.0
2023-07-07T00:15:00+00:00,0.0,0.0,0.0,175.2
2023-07-07T00:30:00+00:00,0.0,0.0,0.0,169.9
2023-07-07T00:45:00+00:00,0.0,0.0,0.0,166.2
2023-07-07T01:00:00+00:00,0.0,0.0,0.0,162.8
2023-07-07T01:15:00+00:00,0.0,0.0,0.0,159.3
2023-07-07T01:30:00+00:00,0.0,0.0,0.0,156.1
2023-07-07T01:45:00+00:00,0.0,0.0,0.0,153.0
2023-07-07T02:00:00+00:00,0.0,0.0,0.0,150.4
2023-07-07T02:15:00+00:00,0.0,0.0,0.0,148.5
2023-07-07T02:30:00+00:00,0.0,0.0,0.0,147.6
2023-07-07T02:45:00+00:00,0.0,0.0,0.0,147.7
2023-07-07T03:00:00+00:00,0.0,0.0,0.0,149.4
2023-07-07T03:15:00+00:00,0.0,0.0,0.0,152.1
2023-07-07T03:30:00+00:00,0.0,0.0,0.0,156.1
2023-07-07T03:45:00+00:00,0.0,0.0,0.0,160.9
2023-07-07T04:00:00+00:00,0.0,0.0,0.0,166.8
2023-07-07T04:15:00+00:00,0.0,0.0,0.0,176.4
2023-07-07T04:30:00+00:00,0.0,0.0,0.0,191.8
2023-07-07T04:45:00+00:00,0.0,0.0,0.0,216.3
2023-07-07T05:00:00+00:00,0.0,0.0,0.0,251.0
2023-07-07T05:15:00+00:00,42.5,0.0,24.9,291.5
2023-07-07T05:30:00+00:00,87.8,0.0,69.4,332.0
2023-07-07T05:45:00+00:00,134.2,0.0,114.9,366.6
2023-07-07T06:00:00+00:00,181.2,0.0,160.9,391.2
2023-07-07T06:15:00+00:00,286.0,0.0,263.6,407.4
2023-07-07T06:30:00+00:00,407.9,0.0,382.8,418.3
2023-07-07T06:45:00+00:00,538.7,0.0,510.6,427.3
2023-07-07T07:00:00+00:00,691.7,0.0,659.8,436.7
2023-07-07T07:15:00+00:00,838.6,0.0,802.8,446.0
2023-07-07T07:30:00+00:00,1015.0,0.0,974.1,453.8
2023-07-07T07:45:00+00:00,1243.1,0.0,1195.2,459.0
2023-07-07T08:00:00+00:00,1497.2,0.0,1440.9,460.5
2023-07-07T08:15:00+00:00,1732.1,0.0,1667.2,459.1
2023-07-07T08:30:00+00:00,1934.8,0.0,1862.1,455.6
2023-07-07T08:45:00+00:00,2111.9,0.0,2032.0,451.0
2023-07-07T09:00:00+00:00,2296.8,0.0,2208.9,446.2
2023-07-07T09:15:00+00:00,2499.5,0.0,2402.5,442.0
2023-07-07T09:30:00+00:00,2696.4,0.0,2590.1,439.0
2023-07-07T09:45:00+00:00,2887.1,22.5,2750.0,437.8
2023-07-07T10:00:00+00:00,3069.2,204.6,2750.0,439.3
2023-07-07T10:15:00+00:00,3235.7,371.1,2750.0,443.9
2023-07-07T10:30:00+00:00,3378.4,513.8,2750.0,452.0
2023-07-07T10:45:00+00:00,3493.3,628.7,2750.0,464.2
2023-07-07T11:00:00+00:00,3577.7,713.1,2750.0,480.1
2023-07-07T11:15:00+00:00,3528.7,664.2,2750.0,496.6
2023-07-07T11:30:00+00:00,3309.0,444.5,2750.0,509.4
2023-07-07T11:45:00+00:00,3053.5,188.9,2750.0,514.3
2023-07-07T12:00:00+00:00,2941.4,76.8,2750.0,508.5
2023-07-07T12:15:00+00:00,3091.5,226.9,2750.0,494.5
2023-07-07T12:30:00+00:00,3390.2,525.6,2750.0,475.9
2023-07-07T12:45:00+00:00,3677.7,813.1,2750.0,456.3
2023-07-07T13:00:00+00:00,3794.8,930.2,2750.0,438.6
2023-07-07T13:15:00+00:00,3767.5,903.0,2750.0,423.3
2023-07-07T13:30:00+00:00,3723.7,859.1,2750.0,409.9
2023-07-07T13:45:00+00:00,3662.8,798.2,2750.0,398.2
2023-07-07T14:00:00+00:00,3584.6,720.0,2750.0,387.9
2023-07-07T14:15:00+00:00,3488.6,624.1,2750.0,379.0
2023-07-07T14:30:00+00:00,3376.2,511.6,2750.0,371.9
2023-07-07T14:45:00+00:00,3249.4,384.8,2750.0,366.5
2023-07-07T15:00:00+00:00,3110.8,246.2,2750.0,363.2
2023-07-07T15:15:00+00:00,2861.5,0.0,2747.1,361.9
2023-07-07T15:30:00+00:00,2507.0,0.0,2409.6,363.1
2023-07-07T15:45:00+00:00,2181.5,0.0,2098.6,366.5
2023-07-07T16:00:00+00:00,1979.9,0.0,1905.4,372.6
2023-07-07T16:15:00+00:00,1956.2,0.0,1882.6,381.2
2023-07-07T16:30:00+00:00,1986.3,0.0,1911.5,392.4
2023-07-07T16:45:00+00:00,1929.1,0.0,1856.6,406.0
2023-07-07T17:00:00+00:00,1736.3,0.0,1671.3,422.1
2023-07-07T17:15:00+00:00,1471.0,0.0,1415.5,440.1
2023-07-07T17:30:00+00:00,1212.0,0.0,1165.1,459.5
2023-07-07T17:45:00+00:00,984.1,0.0,944.1,479.9
2023-07-07T18:00:00+00:00,786.5,0.0,752.0,500.4
2023-07-07T18:15:00+00:00,610.5,0.0,580.6,518.9
2023-07-07T18:30:00+00:00,446.9,0.0,420.9,533.1
2023-07-07T18:45:00+00:00,322.0,0.0,298.8,540.5
2023-07-07T19:00:00+00:00,238.6,0.0,217.2,539.8
2023-07-07T19:15:00+00:00,177.2,0.0,157.0,533.2
2023-07-07T19:30:00+00:00,116.3,0.0,97.3,523.5
2023-07-07T19:45:00+00:00,56.4,0.0,38.6,514.2
2023-07-07T20:00:00+00:00,0.0,0.0,0.0,507.2
2023-07-07T20:15:00+00:00,0.0,0.0,0.0,501.9
2023-07-07T20:30:00+00:00,0.0,0.0,0.0,496.8
2023-07-07T20:45:00+00:00,0.0,0.0,0.0,490.3
2023-07-07T21:00:00+00:00,0.0,0.0,0.0,481.2
2023-07-07T21:15:00+00:00,0.0,0.0,0.0,468.4
2023-07-07T21:30:00+00:00,0.0,0.0,0.0,451.5
2023-07-07T21:45:00+00:00,0.0,0.0,0.0,429.7
2023-07-07T22:00:00+00:00,0.0,0.0,0.0,402.9
2023-07-07T22:15:00+00:00,0.0,0.0,0.0,372.1
2023-07-07T22:30:00+00:00,0.0,0.0,0.0,339.1
2023-07-07T22:45:00+00:00,0.0,0.0,0.0,305.8
2023-07-07T23:00:00+00:00,0.0,0.0,0.0,284.5
2023-07-07T23:15:00+00:00,0.0,0.0,0.0,268.8
2023-07-07T23:30:00+00:00,0.0,0.0,0.0,255.6
2023-07-07T23:45:00+00:00,0.0,0.0,0.0,242.5
2023-07-08T00:00:00+00:00,0.0,0.0,0.0,227.1
2023-07-08T00:15:00+00:00,0.0,0.0,0.0,210.8
2023-07-08T00:30:00+00:00,0.0,0.0,0.0,195.1
2023-07-08T00:45:00+00:00,0.0,0.0,0.0,181.9
2023-07-08T01:00:00+00:00,0.0,0.0,0.0,172.5
2023-07-08T01:15:00+00:00,0.0,0.0,0.0,166.4
2023-07-08T01:30:00+00:00,0.0,0.0,0.0,162.9
2023-07-08T01:45:00+00:00,0.0,0.0,0.0,160.7
2023-07-08T02:00:00+00:00,0.0,0.0,0.0,159.3
2023-07-08T02:15:00+00:00,0.0,0.0,0.0,158.5
2023-07-08T02:30:00+00:00,0.0,0.0,0.0,158.0
2023-07-08T02:45:00+00:00,0.0,0.0,0.0,158.1
2023-07-08T03:00:00+00:00,0.0,0.0,0.0,158.7
2023-07-08T03:15:00+00:00,0.0,0.0,0.0,159.6
2023-07-08T03:30:00+00:00,0.0,0.0,0.0,160.4
2023-07-08T03:45:00+00:00,0.0,0.0,0.0,160.7
2023-07-08T04:00:00+00:00,0.0,0.0,0.0,160.7
2023-07-08T04:15:00+00:00,0.0,0.0,0.0,161.1
2023-07-08T04:30:00+00:00,0.0,0.0,0.0,163.4
2023-07-08T04:45:00+00:00,0.0,0.0,0.0,168.7
2023-07-08T05:00:00+00:00,0.0,0.0,0.0,177.9
2023-07-08T05:15:00+00:00,59.7,0.0,41.7,191.2
2023-07-08T05:30:00+00:00,123.0,0.0,103.8,208.5
2023-07-08T05:45:00+00:00,187.5,0.0,167.1,229.2
2023-07-08T06:00:00+00:00,252.7,0.0,230.9,253.4
2023-07-08T06:15:00+00:00,328.3,0.0,304.9,280.1
2023-07-08T06:30:00+00:00,395.4,0.0,370.6,308.4
2023-07-08T06:45:00+00:00,487.8,0.0,460.9,337.3
2023-07-08T07:00:00+00:00,659.6,0.0,628.5,366.0
2023-07-08T07:15:00+00:00,850.3,0.0,814.1,393.9
2023-07-08T07:30:00+00:00,1064.3,0.0,1022.0,420.4
2023-07-08T07:45:00+00:00,1297.5,0.0,1247.8,445.4
2023-07-08T08:00:00+00:00,1536.7,0.0,1478.9,467.9
2023-07-08T08:15:00+00:00,1770.9,0.0,1704.6,487.4
2023-07-08T08:30:00+00:00,1997.9,0.0,1922.6,503.1
2023-07-08T08:45:00+00:00,2213.3,0.0,2129.0,513.9
2023-07-08T09:00:00+00:00,2421.3,0.0,2327.9,519.4
2023-07-08T09:15:00+00:00,2623.8,0.0,2521.0,521.5
2023-07-08T09:30:00+00:00,2813.1,0.0,2701.0,522.3
2023-07-08T09:45:00+00:00,2988.7,124.1,2750.0,524.4
2023-07-08T10:00:00+00:00,3151.2,286.6,2750.0,529.1
2023-07-08T10:15:00+00:00,3261.4,396.8,2750.0,536.4
2023-07-08T10:30:00+00:00,3297.3,432.7,2750.0,545.6
2023-07-08T10:45:00+00:00,3304.0,439.4,2750.0,555.9
2023-07-08T11:00:00+00:00,3346.3,481.7,2750.0,566.5
2023-07-08T11:15:00+00:00,3482.1,617.5,2750.0,575.6
2023-07-08T11:30:00+00:00,3682.3,817.7,2750.0,581.6
2023-07-08T11:45:00+00:00,3882.7,1018.1,2750.0,582.3
2023-07-08T12:00:00+00:00,4009.2,1144.6,2750.0,576.6
2023-07-08T12:15:00+00:00,4061.1,1196.5,2750.0,565.6
2023-07-08T12:30:00+00:00,4090.9,1226.4,2750.0,551.2
2023-07-08T12:45:00+00:00,4100.9,1236.3,2750.0,534.8
2023-07-08T13:00:00+00:00,4094.0,1229.4,2750.0,518.4
2023-07-08T13:15:00+00:00,4070.8,1206.2,2750.0,502.8
2023-07-08T13:30:00+00:00,4029.6,1165.0,2750.0,489.5
2023-07-08T13:45:00+00:00,3970.8,1106.2,2750.0,479.5
2023-07-08T14:00:00+00:00,3895.2,1030.6,2750.0,473.4
2023-07-08T14:15:00+00:00,3798.5,933.9,2750.0,470.2
2023-07-08T14:30:00+00:00,3679.1,814.5,2750.0,468.4
2023-07-08T14:45:00+00:00,3542.1,677.5,2750.0,466.3
2023-07-08T15:00:00+00:00,3392.0,527.4,2750.0,462.9
2023-07-08T15:15:00+00:00,3222.7,358.1,2750.0,459.1
2023-07-08T15:30:00+00:00,3028.1,163.5,2750.0,456.3
2023-07-08T15:45:00+00:00,2812.2,0.0,2700.2,455.8
2023-07-08T16:00:00+00:00,2578.9,0.0,2478.2,458.7
2023-07-08T16:15:00+00:00,2244.4,0.0,2158.8,465.1
2023-07-08T16:30:00+00:00,1831.0,0.0,1762.4,474.7
2023-07-08T16:45:00+00:00,1465.7,0.0,1410.4,487.3
2023-07-08T17:00:00+00:00,1215.6,0.0,1168.6,502.4
2023-07-08T17:15:00+00:00,991.9,0.0,951.7,519.0
2023-07-08T17:30:00+00:00,742.3,0.0,709.0,535.5
2023-07-08T17:45:00+00:00,525.2,0.0,497.3,550.5
2023-07-08T18:00:00+00:00,381.7,0.0,357.1,562.7
2023-07-08T18:15:00+00:00,291.1,0.0,268.6,571.3
2023-07-08T18:30:00+00:00,213.6,0.0,192.6,575.3
2023-07-08T18:45:00+00:00,147.0,0.0,127.4,574.2
2023-07-08T19:00:00+00:00,90.8,0.0,72.3,567.3
2023-07-08T19:15:00+00:00,67.3,0.0,49.2,555.8
2023-07-08T19:30:00+00:00,44.1,0.0,26.4,541.0
2023-07-08T19:45:00+00:00,21.3,0.0,4.1,524.2
2023-07-08T20:00:00+00:00,0.0,0.0,0.0,506.7
2023-07-08T20:15:00+00:00,0.0,0.0,0.0,490.6
2023-07-08T20:30:00+00:00,0.0,0.0,0.0,478.2
2023-07-08T20:45:00+00:00,0.0,0.0,0.0,471.5
2023-07-08T21:00:00+00:00,0.0,0.0,0.0,471.2
2023-07-08T21:15:00+00:00,0.0,0.0,0.0,473.4
2023-07-08T21:30:00+00:00,0.0,0.0,0.0,472.6
2023-07-08T21:45:00+00:00,0.0,0.0,0.0,463.5
2023-07-08T22:00:00+00:00,0.0,0.0,0.0,442.4
2023-07-08T22:15:00+00:00,0.0,0.0,0.0,412.2
2023-07-08T22:30:00+00:00,0.0,0.0,0.0,378.2
2023-07-08T22:45:00+00:00,0.0,0.0,0.0,345.0
2023-07-08T23:00:00+00:00,0.0,0.0,0.0,316.7
2023-07-08T23:15:00+00:00,0.0,0.0,0.0,292.7
2023-07-08T23:30:00+00:00,0.0,0.0,0.0,271.9
2023-07-08T23:45:00+00:00,0.0,0.0,0.0,252.9
2023-07-09T00:00:00+00:00,0.0,0.0,0.0,234.5
2023-07-09T00:15:00+00:00,0.0,0.0,0.0,217.3
2023-07-09T00:30:00+00:00,0.0,0.0,0.0,202.1
2023-07-09T00:45:00+00:00,0.0,0.0,0.0,189.6
2023-07-09T01:00:00+00:00,0.0,0.0,0.0,180.3
2023-07-09T01:15:00+00:00,0.0,0.0,0.0,173.9
2023-07-09T01:30:00+00:00,0.0,0.0,0.0,169.3
2023-07-09T01:45:00+00:00,0.0,0.0,0.0,165.9
2023-07-09T02:00:00+00:00,0.0,0.0,0.0,163.0
2023-07-09T02:15:00+00:00,0.0,0.0,0.0,160.6
2023-07-09T02:30:00+00:00,0.0,0.0,0.0,158.9
2023-07-09T02:45:00+00:00,0.0,0.0,0.0,157.9
2023-07-09T03:00:00+00:00,0.0,0.0,0.0,157.9
2023-07-09T03:15:00+00:00,0.0,0.0,0.0,158.2
2023-07-09T03:30:00+00:00,0.0,0.0,0.0,158.4
2023-07-09T03:45:00+00:00,0.0,0.0,0.0,157.9
2023-07-09T04:00:00+00:00,0.0,0.0,0.0,156.5
2023-07-09T04:15:00+00:00,0.0,0.0,0.0,154.8
2023-07-09T04:30:00+00:00,0.0,0.0,0.0,153.1
2023-07-09T04:45:00+00:00,0.0,0.0,0.0,152.7
2023-07-09T05:00:00+00:00,0.0,0.0,0.0,154.0
2023-07-09T05:15:00+00:00,49.4,0.0,31.7,157.7
2023-07-09T05:30:00+00:00,101.9,0.0,83.2,164.1
2023-07-09T05:45:00+00:00,155.4,0.0,135.7,173.7
2023-07-09T06:00:00+00:00,209.5,0.0,188.7,187.3
2023-07-09T06:15:00+00:00,271.9,0.0,249.7,205.2
2023-07-09T06:30:00+00:00,324.0,0.0,300.8,228.5
2023-07-09T06:45:00+00:00,370.7,0.0,346.5,258.0
2023-07-09T07:00:00+00:00,418.2,0.0,392.9,293.8
2023-07-09T07:15:00+00:00,472.1,0.0,445.5,334.2
2023-07-09T07:30:00+00:00,527.9,0.0,500.0,376.5
2023-07-09T07:45:00+00:00,578.6,0.0,549.5,418.5
2023-07-09T08:00:00+00:00,615.9,0.0,585.9,458.1
2023-07-09T08:15:00+00:00,636.7,0.0,606.1,493.9
2023-07-09T08:30:00+00:00,646.9,0.0,616.1,525.1
2023-07-09T08:45:00+00:00,651.8,0.0,620.8,550.2
2023-07-09T09:00:00+00:00,657.3,0.0,626.2,569.2
2023-07-09T09:15:00+00:00,663.9,0.0,632.6,583.9
2023-07-09T09:30:00+00:00,668.5,0.0,637.1,596.9
2023-07-09T09:45:00+00:00,673.0,0.0,641.5,610.7
2023-07-09T10:00:00+00:00,679.2,0.0,647.6,627.1
2023-07-09T10:15:00+00:00,693.1,0.0,661.1,644.4
2023-07-09T10:30:00+00:00,715.7,0.0,683.1,660.0
2023-07-09T10:45:00+00:00,741.9,0.0,708.6,671.3
2023-07-09T11:00:00+00:00,766.0,0.0,732.1,675.9
2023-07-09T11:15:00+00:00,793.4,0.0,758.7,672.9
2023-07-09T11:30:00+00:00,832.7,0.0,797.0,661.1
2023-07-09T11:45:00+00:00,882.8,0.0,845.7,639.6
2023-07-09T12:00:00+00:00,942.3,0.0,903.5,608.6
2023-07-09T12:15:00+00:00,1200.3,0.0,1153.8,572.0
2023-07-09T12:30:00+00:00,1707.4,0.0,1643.4,535.1
2023-07-09T12:45:00+00:00,2251.0,0.0,2165.1,502.7
2023-07-09T13:00:00+00:00,2627.3,0.0,2524.3,478.8
2023-07-09T13:15:00+00:00,2908.7,44.1,2750.0,461.6
2023-07-09T13:30:00+00:00,3235.0,370.4,2750.0,447.8
2023-07-09T13:45:00+00:00,3519.0,654.4,2750.0,434.3
2023-07-09T14:00:00+00:00,3684.4,819.9,2750.0,418.7
2023-07-09T14:15:00+00:00,3743.1,878.6,2750.0,401.6
2023-07-09T14:30:00+00:00,3743.3,878.7,2750.0,384.4
2023-07-09T14:45:00+00:00,3678.2,813.6,2750.0,368.5
2023-07-09T15:00:00+00:00,3547.4,682.8,2750.0,354.9
2023-07-09T15:15:00+00:00,3377.6,513.0,2750.0,344.3
2023-07-09T15:30:00+00:00,3191.6,327.0,2750.0,337.3
2023-07-09T15:45:00+00:00,2990.2,125.6,2750.0,334.3
2023-07-09T16:00:00+00:00,2774.6,0.0,2664.5,335.6
2023-07-09T16:15:00+00:00,2547.1,0.0,2447.9,340.7
2023-07-09T16:30:00+00:00,2310.1,0.0,2221.6,349.2
2023-07-09T16:45:00+00:00,2065.3,0.0,1987.3,360.6
2023-07-09T17:00:00+00:00,1814.6,0.0,1746.6,374.3
2023-07-09T17:15:00+00:00,1564.6,0.0,1505.9,390.2
2023-07-09T17:30:00+00:00,1317.4,0.0,1267.0,408.4
2023-07-09T17:45:00+00:00,1070.9,0.0,1028.4,429.0
2023-07-09T18:00:00+00:00,827.8,0.0,792.3,451.5
2023-07-09T18:15:00+00:00,604.7,0.0,574.9,473.5
2023-07-09T18:30:00+00:00,397.7,0.0,372.9,492.4
2023-07-09T18:45:00+00:00,259.1,0.0,237.2,505.3
2023-07-09T19:00:00+00:00,205.4,0.0,184.6,510.2
2023-07-09T19:15:00+00:00,152.4,0.0,132.7,508.5
2023-07-09T19:30:00+00:00,100.0,0.0,81.3,502.6
2023-07-09T19:45:00+00:00,48.5,0.0,30.8,494.7
2023-07-09T20:00:00+00:00,0.0,0.0,0.0,486.8
2023-07-09T20:15:00+00:00,0.0,0.0,0.0,479.2
2023-07-09T20:30:00+00:00,0.0,0.0,0.0,472.1
2023-07-09T20:45:00+00:00,0.0,0.0,0.0,465.8
2023-07-09T21:00:00+00:00,0.0,0.0,0.0,459.8
2023-07-09T21:15:00+00:00,0.0,0.0,0.0,452.1
2023-07-09T21:30:00+00:00,0.0,0.0,0.0,440.1
2023-07-09T21:45:00+00:00,0.0,0.0,0.0,421.0
2023-07-09T22:00:00+00:00,0.0,0.0,0.0,393.4
2023-07-09T22:15:00+00:00,0.0,0.0,0.0,359.8
2023-07-09T22:30:00+00:00,0.0,0.0,0.0,324.0
2023-07-09T22:45:00+00:00,0.0,0.0,0.0,289.5
