model,year,soh_pct,cumulative_fec,cycle_loss_pct,calendar_loss_pct
native_v1,1,94.11,270.82,1.84,4.05
native_v1,2,90.46,543.65,2.62,6.92
native_v1,3,87.33,816.49,3.21,9.47
native_v1,4,84.47,1089.33,3.71,11.82
native_v1,5,81.81,1362.16,4.15,14.04
native_v1,6,79.3,1635.0,4.54,16.16
native_v1,7,76.89,1907.83,4.91,18.2
native_v1,8,74.58,2180.67,5.25,20.17
native_v1,9,72.34,2453.5,5.57,22.09
native_v1,10,70.17,2726.34,5.87,23.96
native_v1,11,68.06,2999.18,6.16,25.79
native_v1,12,65.99,3272.01,6.43,27.57
native_v1,13,63.97,3544.85,6.7,29.33
native_v1,14,62.0,3817.68,6.95,31.05
native_v1,15,60.06,4090.52,7.2,32.75
native_v1,16,58.15,4363.35,7.43,34.42
native_v1,17,56.27,4636.19,7.66,36.06
native_v1,18,54.43,4909.02,7.88,37.69
native_v1,19,52.61,5181.86,8.1,39.29
native_v1,20,50.81,5456.41,8.31,40.88
native_v2,1,94.91,270.82,1.84,3.25
native_v2,2,92.01,543.65,2.62,5.38
native_v2,3,89.58,816.49,3.21,7.21
native_v2,4,87.42,1089.33,3.71,8.87
native_v2,5,85.44,1362.16,4.15,10.41
native_v2,6,83.59,1635.0,4.54,11.87
native_v2,7,81.83,1907.83,4.91,13.26
native_v2,8,80.16,2180.67,5.25,14.59
native_v2,9,78.56,2453.5,5.57,15.87
native_v2,10,77.01,2726.34,5.87,17.11
native_v2,11,75.52,2999.18,6.16,18.32
native_v2,12,74.07,3272.01,6.43,19.5
native_v2,13,72.66,3544.85,6.7,20.65
native_v2,14,71.28,3817.68,6.95,21.77
native_v2,15,69.94,4090.52,7.2,22.87
native_v2,16,68.62,4363.35,7.43,23.95
native_v2,17,67.33,4636.19,7.66,25.01
native_v2,18,66.07,4909.02,7.88,26.05
native_v2,19,64.82,5181.86,8.1,27.08
native_v2,20,63.6,5456.41,8.31,28.09
lfp_gr_250ah_prismatic,1,98.0,269.52,,
lfp_gr_250ah_prismatic,2,96.8,535.37,,
lfp_gr_250ah_prismatic,3,95.7,798.06,,
lfp_gr_250ah_prismatic,4,94.7,1057.95,,
lfp_gr_250ah_prismatic,5,93.8,1315.24,,
lfp_gr_250ah_prismatic,6,92.9,1570.09,,
lfp_gr_250ah_prismatic,7,92.1,1822.63,,
lfp_gr_250ah_prismatic,8,91.3,2072.95,,
lfp_gr_250ah_prismatic,9,90.6,2321.14,,
lfp_gr_250ah_prismatic,10,89.8,2567.26,,
lfp_gr_250ah_prismatic,11,89.1,2811.39,,
lfp_gr_250ah_prismatic,12,88.4,3053.58,,
lfp_gr_250ah_prismatic,13,87.7,3293.88,,
lfp_gr_250ah_prismatic,14,87.0,3532.33,,
lfp_gr_250ah_prismatic,15,86.4,3768.98,,
lfp_gr_250ah_prismatic,16,85.7,4003.87,,
lfp_gr_250ah_prismatic,17,85.1,4237.04,,
lfp_gr_250ah_prismatic,18,84.5,4468.51,,
lfp_gr_250ah_prismatic,19,83.9,4698.33,,
lfp_gr_250ah_prismatic,20,83.3,4926.52,,
lfp_gr_sonymurata_3ah,1,97.0,267.53,,
lfp_gr_sonymurata_3ah,2,95.6,530.31,,
lfp_gr_sonymurata_3ah,3,94.5,789.7,,
lfp_gr_sonymurata_3ah,4,93.5,1046.23,,
lfp_gr_sonymurata_3ah,5,92.6,1300.19,,
lfp_gr_sonymurata_3ah,6,91.8,1551.8,,
lfp_gr_sonymurata_3ah,7,91.0,1801.2,,
lfp_gr_sonymurata_3ah,8,90.2,2048.51,,
lfp_gr_sonymurata_3ah,9,89.5,2293.83,,
lfp_gr_sonymurata_3ah,10,88.8,2537.24,,
lfp_gr_sonymurata_3ah,11,88.2,2778.8,,
lfp_gr_sonymurata_3ah,12,87.5,3018.58,,
lfp_gr_sonymurata_3ah,13,86.9,3256.63,,
lfp_gr_sonymurata_3ah,14,86.3,3492.99,,
lfp_gr_sonymurata_3ah,15,85.7,3727.71,,
lfp_gr_sonymurata_3ah,16,85.1,3960.83,,
lfp_gr_sonymurata_3ah,17,84.6,4192.37,,
lfp_gr_sonymurata_3ah,18,84.0,4422.38,,
lfp_gr_sonymurata_3ah,19,83.4,4650.88,,
lfp_gr_sonymurata_3ah,20,82.9,4877.91,,
nmc_gr_50ah_b1,1,95.8,265.49,,
nmc_gr_50ah_b1,2,93.8,524.11,,
nmc_gr_50ah_b1,3,92.1,777.65,,
nmc_gr_50ah_b1,4,90.6,1026.86,,
nmc_gr_50ah_b1,5,89.2,1272.22,,
nmc_gr_50ah_b1,6,88.0,1514.05,,
nmc_gr_50ah_b1,7,86.8,1752.59,,
nmc_gr_50ah_b1,8,85.7,1988.02,,
nmc_gr_50ah_b1,9,84.7,2220.51,,
nmc_gr_50ah_b1,10,83.6,2450.17,,
nmc_gr_50ah_b1,11,82.7,2677.13,,
nmc_gr_50ah_b1,12,81.7,2901.48,,
nmc_gr_50ah_b1,13,80.8,3123.31,,
nmc_gr_50ah_b1,14,79.9,3342.69,,
nmc_gr_50ah_b1,15,79.1,3559.69,,
nmc_gr_50ah_b1,16,78.2,3774.36,,
nmc_gr_50ah_b1,17,77.4,3986.78,,
nmc_gr_50ah_b1,18,76.6,4196.99,,
nmc_gr_50ah_b1,19,75.8,4405.03,,
nmc_gr_50ah_b1,20,75.1,4610.96,,
