model,year,soh_pct,capacity_kwh,usable_capacity_kwh,replacements,charge_throughput_kwh,discharge_throughput_kwh,fec,cumulative_fec,mean_soc_pct,mean_cell_temperature_c,cycle_loss_pct,calendar_loss_pct,resistance_growth_pct,round_trip_efficiency
native_v1,1,94.11,4.705,3.764,0,1328.4,1299.59,270.82,270.82,44.41,20.5,1.84,4.05,,
native_v1,2,90.46,4.523,3.619,0,1278.6,1246.77,273.98,544.8,43.82,20.49,2.62,6.92,,
native_v1,3,87.33,4.366,3.493,0,1235.44,1204.34,274.64,819.44,43.42,20.47,3.22,9.46,,
native_v1,4,84.48,4.224,3.379,0,1196.16,1165.82,275.07,1094.52,43.08,20.46,3.72,11.8,,
native_v1,5,81.82,4.091,3.273,0,1159.86,1130.13,275.44,1369.95,42.77,20.45,4.16,14.01,,
native_v1,6,79.31,3.966,3.172,0,1125.72,1096.55,275.79,1645.75,42.49,20.44,4.57,16.12,,
native_v1,7,76.91,3.846,3.077,0,1093.25,1064.72,276.14,1921.89,42.23,20.43,4.94,18.15,,
native_v1,8,74.61,3.73,2.984,0,1062.12,1034.08,276.5,2198.39,41.99,20.42,5.28,20.11,,
native_v1,9,72.38,3.619,2.895,0,1032.08,1004.56,276.85,2475.25,41.76,20.41,5.6,22.02,,
native_v1,10,70.22,3.511,2.809,0,1002.9,975.86,277.21,2752.46,41.55,20.41,5.91,23.87,,
native_v1,11,68.11,3.406,2.725,0,974.48,947.9,277.55,3030.0,41.34,20.4,6.2,25.68,,
native_v1,12,66.06,3.303,2.642,0,946.78,920.68,277.91,3307.92,41.15,20.39,6.48,27.46,,
native_v1,13,64.06,3.203,2.562,0,919.72,894.06,278.28,3586.19,40.97,20.38,6.75,29.19,,
native_v1,14,62.09,3.104,2.484,0,893.22,867.98,278.65,3864.84,40.8,20.37,7.01,30.9,,
native_v1,15,60.16,3.008,2.406,0,867.19,842.38,279.03,4143.87,40.64,20.37,7.26,32.58,,
native_v1,16,58.27,2.913,2.331,0,841.55,817.2,279.38,4423.25,40.49,20.36,7.5,34.23,,
native_v1,17,56.4,2.82,2.256,0,816.31,792.3,279.74,4702.99,40.36,20.35,7.73,35.86,,
native_v1,18,54.57,2.729,2.183,0,791.4,767.68,280.09,4983.09,40.22,20.34,7.96,37.47,,
native_v1,19,52.76,2.638,2.111,0,766.84,743.43,280.45,5263.54,40.09,20.34,8.18,39.05,,
native_v1,20,50.98,2.549,2.039,0,742.6,719.45,282.83,5546.37,39.97,20.33,8.4,40.62,,
native_v2,1,94.91,4.745,3.796,0,1333.18,1304.32,270.56,270.56,44.46,20.5,1.84,3.25,,
native_v2,2,92.02,4.601,3.681,0,1293.2,1261.17,273.58,544.14,43.95,20.49,2.62,5.36,,
native_v2,3,89.62,4.481,3.585,0,1260.1,1228.56,274.22,818.36,43.62,20.48,3.21,7.17,,
native_v2,4,87.49,4.374,3.5,0,1230.58,1199.59,274.57,1092.93,43.34,20.47,3.72,8.79,,
native_v2,5,85.54,4.277,3.422,0,1203.51,1173.09,274.79,1367.72,43.09,20.46,4.16,10.3,,
native_v2,6,83.72,4.186,3.349,0,1178.45,1148.4,274.98,1642.7,42.86,20.46,4.56,11.71,,
native_v2,7,82.01,4.101,3.281,0,1154.92,1125.31,275.15,1917.85,42.65,20.45,4.93,13.06,,
native_v2,8,80.39,4.019,3.216,0,1132.64,1103.39,275.33,2193.17,42.45,20.44,5.27,14.34,,
native_v2,9,78.83,3.942,3.153,0,1111.36,1082.5,275.49,2468.66,42.26,20.44,5.6,15.57,,
native_v2,10,77.34,3.867,3.094,0,1090.93,1062.46,275.63,2744.29,42.08,20.43,5.9,16.76,,
native_v2,11,75.9,3.795,3.036,0,1071.24,1043.11,275.79,3020.07,41.91,20.43,6.19,17.91,,
native_v2,12,74.5,3.725,2.98,0,1052.19,1024.4,275.93,3296.0,41.75,20.42,6.47,19.03,,
native_v2,13,73.15,3.657,2.926,0,1033.72,1006.22,276.09,3572.1,41.59,20.41,6.74,20.12,,
native_v2,14,71.83,3.592,2.873,0,1015.76,988.6,276.24,3848.33,41.44,20.41,6.99,21.18,,
native_v2,15,70.55,3.527,2.822,0,998.27,971.41,276.38,4124.71,41.3,20.4,7.24,22.21,,
native_v2,16,69.3,3.465,2.772,0,981.21,954.64,276.53,4401.24,41.16,20.4,7.48,23.23,,
native_v2,17,68.07,3.404,2.723,0,964.52,938.24,276.67,4677.91,41.02,20.39,7.71,24.22,,
native_v2,18,66.87,3.344,2.675,0,948.19,922.18,276.8,4954.71,40.89,20.39,7.94,25.19,,
native_v2,19,65.7,3.285,2.628,0,932.19,906.4,276.91,5231.63,40.77,20.39,8.16,26.15,,
native_v2,20,64.54,3.227,2.582,0,916.5,891.0,278.9,5510.52,40.64,20.38,8.37,27.08,,
lfp_gr_250ah_prismatic,1,98.0,4.902,3.922,0,1353.52,1324.27,268.13,268.13,44.71,20.51,,,,
lfp_gr_250ah_prismatic,2,96.8,4.84,3.872,0,1338.32,1305.45,264.7,532.82,44.42,20.5,,,,
lfp_gr_250ah_prismatic,3,95.7,4.786,3.829,0,1325.13,1292.47,262.07,794.89,44.23,20.5,,,,
lfp_gr_250ah_prismatic,4,94.7,4.737,3.79,0,1312.99,1280.58,259.65,1054.54,44.06,20.5,,,,
lfp_gr_250ah_prismatic,5,93.8,4.691,3.753,0,1301.37,1269.19,257.34,1311.88,43.89,20.49,,,,
lfp_gr_250ah_prismatic,6,93.0,4.648,3.719,0,1290.05,1258.1,255.09,1566.98,43.74,20.49,,,,
lfp_gr_250ah_prismatic,7,92.1,4.607,3.685,0,1279.0,1247.25,252.89,1819.87,43.6,20.49,,,,
lfp_gr_250ah_prismatic,8,91.3,4.567,3.654,0,1268.32,1236.73,250.76,2070.64,43.46,20.48,,,,
lfp_gr_250ah_prismatic,9,90.6,4.529,3.623,0,1257.88,1226.47,248.69,2319.32,43.33,20.48,,,,
lfp_gr_250ah_prismatic,10,89.8,4.492,3.594,0,1247.64,1216.47,246.65,2565.97,43.2,20.48,,,,
lfp_gr_250ah_prismatic,11,89.1,4.456,3.565,0,1237.64,1206.63,244.65,2810.62,43.07,20.47,,,,
lfp_gr_250ah_prismatic,12,88.4,4.421,3.537,0,1227.88,1197.09,242.7,3053.32,42.95,20.47,,,,
lfp_gr_250ah_prismatic,13,87.7,4.387,3.51,0,1218.3,1187.74,240.79,3294.11,42.83,20.47,,,,
lfp_gr_250ah_prismatic,14,87.1,4.354,3.483,0,1208.93,1178.56,238.92,3533.03,42.71,20.47,,,,
lfp_gr_250ah_prismatic,15,86.4,4.322,3.457,0,1199.77,1169.58,237.09,3770.13,42.6,20.46,,,,
lfp_gr_250ah_prismatic,16,85.8,4.29,3.432,0,1190.81,1160.8,235.31,4005.43,42.49,20.46,,,,
lfp_gr_250ah_prismatic,17,85.2,4.259,3.407,0,1182.02,1152.13,233.55,4238.98,42.38,20.46,,,,
lfp_gr_250ah_prismatic,18,84.6,4.229,3.383,0,1173.4,1143.7,231.83,4470.82,42.27,20.46,,,,
lfp_gr_250ah_prismatic,19,84.0,4.199,3.359,0,1164.92,1135.36,230.14,4700.96,42.16,20.45,,,,
lfp_gr_250ah_prismatic,20,83.4,4.169,3.336,0,1156.6,1127.17,228.48,4929.44,42.06,20.45,,,,
lfp_gr_sonymurata_3ah,1,97.0,4.849,3.879,0,1345.75,1316.65,266.58,266.58,44.61,20.51,,,,
lfp_gr_sonymurata_3ah,2,95.6,4.78,3.824,0,1325.92,1293.25,262.22,528.8,44.29,20.5,,,,
lfp_gr_sonymurata_3ah,3,94.5,4.724,3.779,0,1311.4,1279.0,259.33,788.13,44.09,20.5,,,,
lfp_gr_sonymurata_3ah,4,93.5,4.676,3.74,0,1298.64,1266.49,256.79,1044.92,43.91,20.49,,,,
lfp_gr_sonymurata_3ah,5,92.6,4.631,3.705,0,1286.77,1254.86,254.43,1299.36,43.76,20.49,,,,
lfp_gr_sonymurata_3ah,6,91.8,4.59,3.672,0,1275.56,1243.85,252.2,1551.56,43.62,20.48,,,,
lfp_gr_sonymurata_3ah,7,91.0,4.551,3.641,0,1264.97,1233.42,250.09,1801.65,43.48,20.48,,,,
lfp_gr_sonymurata_3ah,8,90.3,4.514,3.611,0,1254.77,1223.41,248.06,2049.71,43.35,20.48,,,,
lfp_gr_sonymurata_3ah,9,89.6,4.479,3.583,0,1244.9,1213.74,246.09,2295.81,43.22,20.48,,,,
lfp_gr_sonymurata_3ah,10,88.9,4.445,3.556,0,1235.36,1204.36,244.19,2539.99,43.1,20.47,,,,
lfp_gr_sonymurata_3ah,11,88.2,4.412,3.53,0,1226.09,1195.33,242.34,2782.34,42.98,20.47,,,,
lfp_gr_sonymurata_3ah,12,87.6,4.38,3.504,0,1217.04,1186.5,240.53,3022.87,42.87,20.47,,,,
lfp_gr_sonymurata_3ah,13,87.0,4.35,3.48,0,1208.23,1177.85,238.78,3261.65,42.76,20.47,,,,
lfp_gr_sonymurata_3ah,14,86.4,4.319,3.456,0,1199.64,1169.43,237.06,3498.71,42.65,20.46,,,,
lfp_gr_sonymurata_3ah,15,85.8,4.29,3.432,0,1191.27,1161.22,235.39,3734.11,42.54,20.46,,,,
lfp_gr_sonymurata_3ah,16,85.2,4.261,3.409,0,1183.08,1153.16,233.76,3967.87,42.43,20.46,,,,
lfp_gr_sonymurata_3ah,17,84.7,4.233,3.387,0,1175.06,1145.32,232.16,4200.03,42.33,20.46,,,,
lfp_gr_sonymurata_3ah,18,84.1,4.206,3.365,0,1167.18,1137.57,230.59,4430.62,42.23,20.45,,,,
lfp_gr_sonymurata_3ah,19,83.6,4.179,3.343,0,1159.45,1129.96,229.05,4659.66,42.13,20.45,,,,
lfp_gr_sonymurata_3ah,20,83.0,4.152,3.322,0,1151.84,1122.5,227.53,4887.19,42.03,20.45,,,,
nmc_gr_50ah_b1,1,95.8,4.792,3.833,0,1337.81,1308.84,264.99,264.99,44.52,20.5,,,,
nmc_gr_50ah_b1,2,93.8,4.688,3.75,0,1308.95,1276.62,258.84,523.83,44.1,20.49,,,,
nmc_gr_50ah_b1,3,92.1,4.604,3.683,0,1286.12,1254.2,254.29,778.12,43.84,20.49,,,,
nmc_gr_50ah_b1,4,90.6,4.53,3.624,0,1266.04,1234.4,250.29,1028.41,43.62,20.48,,,,
nmc_gr_50ah_b1,5,89.3,4.464,3.571,0,1247.69,1216.41,246.63,1275.04,43.43,20.48,,,,
nmc_gr_50ah_b1,6,88.1,4.403,3.522,0,1230.68,1199.72,243.24,1518.28,43.24,20.47,,,,
nmc_gr_50ah_b1,7,86.9,4.346,3.476,0,1214.68,1184.08,240.05,1758.33,43.08,20.47,,,,
nmc_gr_50ah_b1,8,85.8,4.292,3.433,0,1199.61,1169.3,237.03,1995.36,42.92,20.46,,,,
nmc_gr_50ah_b1,9,84.8,4.24,3.392,0,1185.3,1155.2,234.18,2229.54,42.77,20.46,,,,
nmc_gr_50ah_b1,10,83.8,4.191,3.353,0,1171.63,1141.76,231.45,2460.98,42.63,20.45,,,,
nmc_gr_50ah_b1,11,82.9,4.144,3.315,0,1158.51,1128.91,228.83,2689.81,42.49,20.45,,,,
nmc_gr_50ah_b1,12,82.0,4.099,3.279,0,1145.88,1116.49,226.3,2916.11,42.36,20.45,,,,
nmc_gr_50ah_b1,13,81.1,4.055,3.244,0,1133.68,1104.52,223.87,3139.98,42.23,20.44,,,,
nmc_gr_50ah_b1,14,80.3,4.013,3.21,0,1121.87,1092.91,221.51,3361.49,42.1,20.44,,,,
nmc_gr_50ah_b1,15,79.4,3.972,3.177,0,1110.41,1081.65,219.22,3580.71,41.98,20.44,,,,
nmc_gr_50ah_b1,16,78.6,3.932,3.145,0,1099.26,1070.77,217.0,3797.71,41.86,20.43,,,,
nmc_gr_50ah_b1,17,77.9,3.893,3.114,0,1088.4,1060.11,214.83,4012.54,41.74,20.43,,,,
nmc_gr_50ah_b1,18,77.1,3.855,3.084,0,1077.8,1049.75,212.71,4225.25,41.63,20.43,,,,
nmc_gr_50ah_b1,19,76.4,3.818,3.054,0,1067.45,1039.53,210.65,4435.9,41.52,20.42,,,,
nmc_gr_50ah_b1,20,75.6,3.781,3.025,0,1057.32,1029.58,208.62,4644.52,41.41,20.42,,,,
