Datetime,PV_Production,Houseload,PV_AC_To_Load,Battery_AC_To_Load,Import_From_Grid,PV_AC_Export,Grid_AC_To_Battery,Battery_Energy,Battery_SOC_Normalized,PV_DC,PV_DC_Curtailed
2023-01-16T00:00:00+00:00,0.0,293.5,0.0,0.0,293.5,0.0,0.0,490.0,0.0,0.0,0.0
2023-01-16T01:00:00+00:00,0.0,217.2,0.0,0.0,217.2,0.0,0.0,489.9,0.0,0.0,0.0
2023-01-16T02:00:00+00:00,0.0,199.1,0.0,0.0,199.1,0.0,0.0,489.8,0.0,0.0,0.0
2023-01-16T03:00:00+00:00,0.0,193.9,0.0,0.0,193.9,0.0,0.0,489.8,0.0,0.0,0.0
2023-01-16T04:00:00+00:00,0.0,197.0,0.0,0.0,197.0,0.0,0.0,489.8,0.0,0.0,0.0
2023-01-16T05:00:00+00:00,0.0,235.8,0.0,0.0,235.8,0.0,0.0,489.7,0.0,0.0,0.0
2023-01-16T06:00:00+00:00,0.0,453.5,0.0,0.0,453.5,0.0,0.0,489.7,0.0,0.0,0.0
2023-01-16T07:00:00+00:00,0.0,651.6,0.0,0.0,651.6,0.0,0.0,489.7,0.0,0.0,0.0
2023-01-16T08:00:00+00:00,0.0,672.1,0.0,0.0,672.1,0.0,0.0,489.7,0.0,0.0,0.0
2023-01-16T09:00:00+00:00,949.1,620.3,620.3,0.0,0.0,0.0,0.0,810.1,0.0817,989.4,0.0
2023-01-16T10:00:00+00:00,2363.7,585.0,585.0,0.0,0.0,0.0,0.0,2538.7,0.5222,2403.3,0.0
2023-01-16T11:00:00+00:00,2175.9,595.7,595.7,0.0,0.0,0.0,0.0,4073.9,0.9124,2215.7,0.0
2023-01-16T12:00:00+00:00,3100.1,658.1,658.1,0.0,0.0,2079.6,0.0,4422.2,1.0,3206.7,0.0
2023-01-16T13:00:00+00:00,1938.4,652.0,652.0,0.0,0.0,1278.3,0.0,4425.2,1.0,2015.7,0.0
2023-01-16T14:00:00+00:00,1118.3,580.7,580.7,0.0,0.0,531.0,0.0,4426.6,1.0,1170.9,0.0
2023-01-16T15:00:00+00:00,2634.8,527.7,527.7,0.0,0.0,2101.5,0.0,4427.0,1.0,2737.1,0.0
2023-01-16T16:00:00+00:00,1172.5,529.7,529.7,0.0,0.0,637.7,0.0,4426.6,1.0,1226.7,0.0
2023-01-16T17:00:00+00:00,29.1,647.8,29.1,618.6,0.0,0.0,0.0,3744.6,0.8271,31.0,0.0
2023-01-16T18:00:00+00:00,0.0,836.7,0.0,836.7,0.0,0.0,0.0,2834.4,0.5967,0.0,0.0
2023-01-16T19:00:00+00:00,0.0,941.9,0.0,941.9,0.0,0.0,0.0,1813.6,0.3373,0.0,0.0
2023-01-16T20:00:00+00:00,0.0,847.0,-0.0,847.0,0.0,0.0,0.0,892.6,0.1027,0.0,0.0
2023-01-16T21:00:00+00:00,0.0,709.7,0.0,353.2,356.5,0.0,0.0,489.9,0.0,0.0,0.0
2023-01-16T22:00:00+00:00,0.0,587.4,0.0,0.0,587.4,0.0,0.0,489.8,0.0,0.0,0.0
2023-01-16T23:00:00+00:00,0.0,434.9,0.0,0.0,434.9,0.0,0.0,489.6,0.0,0.0,0.0
2023-01-17T00:00:00+00:00,0.0,293.6,0.0,0.0,293.6,0.0,0.0,489.4,0.0,0.0,0.0
2023-01-17T01:00:00+00:00,0.0,217.2,0.0,0.0,217.2,0.0,0.0,489.3,0.0,0.0,0.0
2023-01-17T02:00:00+00:00,0.0,199.1,0.0,0.0,199.1,0.0,0.0,489.2,0.0,0.0,0.0
2023-01-17T03:00:00+00:00,0.0,193.9,0.0,0.0,193.9,0.0,0.0,489.1,0.0,0.0,0.0
2023-01-17T04:00:00+00:00,0.0,197.0,0.0,0.0,197.0,0.0,0.0,489.0,0.0,0.0,0.0
2023-01-17T05:00:00+00:00,0.0,235.8,0.0,0.0,235.8,0.0,0.0,489.0,0.0,0.0,0.0
2023-01-17T06:00:00+00:00,0.0,453.6,0.0,0.0,453.6,0.0,0.0,488.9,0.0,0.0,0.0
2023-01-17T07:00:00+00:00,0.0,651.6,0.0,0.0,651.6,0.0,0.0,488.9,0.0,0.0,0.0
2023-01-17T08:00:00+00:00,0.0,672.1,0.0,0.0,672.1,0.0,0.0,488.9,0.0,0.0,0.0
2023-01-17T09:00:00+00:00,1301.1,620.4,620.4,0.0,0.0,0.0,0.0,1152.3,0.1695,1341.4,0.0
2023-01-17T10:00:00+00:00,2344.1,585.1,585.1,0.0,0.0,0.0,0.0,2861.8,0.6055,2383.6,0.0
2023-01-17T11:00:00+00:00,2860.2,595.7,595.7,0.0,0.0,666.5,0.0,4414.3,1.0,2916.9,0.0
2023-01-17T12:00:00+00:00,3207.0,658.1,658.1,0.0,0.0,2538.7,0.0,4419.3,1.0,3332.6,0.0
2023-01-17T13:00:00+00:00,3405.2,652.0,652.0,0.0,0.0,2745.0,0.0,4422.2,1.0,3539.5,0.0
2023-01-17T14:00:00+00:00,3139.0,580.8,580.8,0.0,0.0,2551.3,0.0,4424.0,1.0,3261.8,0.0
2023-01-17T15:00:00+00:00,2546.0,527.7,527.7,0.0,0.0,2012.4,0.0,4424.7,1.0,2644.9,0.0
2023-01-17T16:00:00+00:00,1367.4,529.7,529.7,0.0,0.0,832.5,0.0,4424.1,1.0,1427.0,0.0
2023-01-17T17:00:00+00:00,36.9,647.8,36.9,610.9,0.0,0.0,0.0,3750.4,0.8292,39.2,0.0
2023-01-17T18:00:00+00:00,0.0,836.7,0.0,836.7,0.0,0.0,0.0,2840.2,0.5986,0.0,0.0
2023-01-17T19:00:00+00:00,0.0,941.9,0.0,941.9,0.0,0.0,0.0,1819.4,0.3391,0.0,0.0
2023-01-17T20:00:00+00:00,0.0,847.1,0.0,847.1,0.0,0.0,0.0,898.3,0.1043,0.0,0.0
2023-01-17T21:00:00+00:00,0.0,709.8,0.0,359.0,350.7,0.0,0.0,489.5,0.0,0.0,0.0
2023-01-17T22:00:00+00:00,0.0,587.4,0.0,0.0,587.4,0.0,0.0,489.3,0.0,0.0,0.0
2023-01-17T23:00:00+00:00,0.0,435.0,0.0,0.0,435.0,0.0,0.0,489.2,0.0,0.0,0.0
2023-01-18T00:00:00+00:00,0.0,293.6,0.0,0.0,293.6,0.0,0.0,489.0,0.0,0.0,0.0
2023-01-18T01:00:00+00:00,0.0,217.3,0.0,0.0,217.3,0.0,0.0,488.9,0.0,0.0,0.0
2023-01-18T02:00:00+00:00,0.0,199.1,0.0,0.0,199.1,0.0,0.0,488.8,0.0,0.0,0.0
2023-01-18T03:00:00+00:00,0.0,193.9,0.0,0.0,193.9,0.0,0.0,488.8,0.0,0.0,0.0
2023-01-18T04:00:00+00:00,0.0,197.0,0.0,0.0,197.0,0.0,0.0,488.7,0.0,0.0,0.0
2023-01-18T05:00:00+00:00,0.0,235.8,0.0,0.0,235.8,0.0,0.0,488.7,0.0,0.0,0.0
2023-01-18T06:00:00+00:00,0.0,453.6,0.0,0.0,453.6,0.0,0.0,488.6,0.0,0.0,0.0
2023-01-18T07:00:00+00:00,0.0,651.7,0.0,0.0,651.7,0.0,0.0,488.5,0.0,0.0,0.0
2023-01-18T08:00:00+00:00,0.0,672.1,0.0,0.0,672.1,0.0,0.0,488.5,0.0,7.6,0.0
2023-01-18T09:00:00+00:00,1341.8,620.4,620.4,0.0,0.0,0.0,0.0,1191.7,0.1798,1382.2,0.0
2023-01-18T10:00:00+00:00,2377.4,585.1,585.1,0.0,0.0,0.0,0.0,2933.6,0.6242,2417.0,0.0
2023-01-18T11:00:00+00:00,2932.5,595.7,595.7,0.0,0.0,814.6,0.0,4412.2,1.0,2993.5,0.0
2023-01-18T12:00:00+00:00,3293.0,658.1,658.1,0.0,0.0,2624.9,0.0,4417.1,1.0,3422.3,0.0
2023-01-18T13:00:00+00:00,3475.2,652.0,652.0,0.0,0.0,2814.9,0.0,4420.2,1.0,3612.7,0.0
2023-01-18T14:00:00+00:00,3143.8,580.8,580.8,0.0,0.0,2556.2,0.0,4421.9,1.0,3266.8,0.0
2023-01-18T15:00:00+00:00,2533.7,527.7,527.7,0.0,0.0,2000.0,0.0,4422.6,1.0,2632.2,0.0
2023-01-18T16:00:00+00:00,1592.7,529.7,529.7,0.0,0.0,1057.9,0.0,4422.3,1.0,1659.0,0.0
2023-01-18T17:00:00+00:00,72.9,647.8,72.9,574.9,0.0,0.0,0.0,3787.7,0.8391,77.5,0.0
2023-01-18T18:00:00+00:00,0.0,836.7,0.0,836.7,0.0,0.0,0.0,2877.5,0.6086,0.0,0.0
2023-01-18T19:00:00+00:00,0.0,941.9,0.0,941.9,0.0,0.0,0.0,1856.7,0.349,0.0,0.0
2023-01-18T20:00:00+00:00,0.0,847.0,0.0,847.0,0.0,0.0,0.0,935.7,0.1141,0.0,0.0
2023-01-18T21:00:00+00:00,0.0,709.7,0.0,395.3,314.4,0.0,0.0,488.9,0.0,0.0,0.0
2023-01-18T22:00:00+00:00,0.0,587.4,0.0,0.0,587.4,0.0,0.0,488.7,0.0,0.0,0.0
2023-01-18T23:00:00+00:00,0.0,434.9,0.0,0.0,434.9,0.0,0.0,488.6,0.0,0.0,0.0
2023-01-19T00:00:00+00:00,0.0,293.6,0.0,0.0,293.6,0.0,0.0,488.4,0.0,0.0,0.0
2023-01-19T01:00:00+00:00,0.0,217.2,0.0,0.0,217.2,0.0,0.0,488.4,0.0,0.0,0.0
2023-01-19T02:00:00+00:00,0.0,199.1,0.0,0.0,199.1,0.0,0.0,488.3,0.0,0.0,0.0
2023-01-19T03:00:00+00:00,0.0,193.9,0.0,0.0,193.9,0.0,0.0,488.3,0.0,0.0,0.0
2023-01-19T04:00:00+00:00,0.0,197.0,0.0,0.0,197.0,0.0,0.0,488.2,0.0,0.0,0.0
2023-01-19T05:00:00+00:00,0.0,235.8,0.0,0.0,235.8,0.0,0.0,488.2,0.0,0.0,0.0
2023-01-19T06:00:00+00:00,0.0,453.5,0.0,0.0,453.5,0.0,0.0,488.1,0.0,0.0,0.0
2023-01-19T07:00:00+00:00,0.0,651.6,0.0,0.0,651.6,0.0,0.0,488.0,0.0,0.0,0.0
2023-01-19T08:00:00+00:00,0.0,672.1,0.0,0.0,672.1,0.0,0.0,488.0,0.0,11.7,0.0
2023-01-19T09:00:00+00:00,1411.2,620.3,620.3,0.0,0.0,0.0,0.0,1258.9,0.1973,1451.6,0.0
2023-01-19T10:00:00+00:00,2426.1,585.0,585.0,0.0,0.0,0.0,0.0,3048.3,0.654,2465.6,0.0
2023-01-19T11:00:00+00:00,3031.8,595.7,595.7,0.0,0.0,1034.2,0.0,4409.7,1.0,3099.4,0.0
2023-01-19T12:00:00+00:00,3314.3,658.0,658.0,0.0,0.0,2645.4,0.0,4415.3,1.0,3444.5,0.0
2023-01-19T13:00:00+00:00,3407.7,651.9,651.9,0.0,0.0,2747.2,0.0,4418.6,1.0,3542.2,0.0
2023-01-19T14:00:00+00:00,3246.3,580.7,580.7,0.0,0.0,2658.6,0.0,4420.4,1.0,3373.7,0.0
2023-01-19T15:00:00+00:00,2632.3,527.7,527.7,0.0,0.0,2098.9,0.0,4420.9,1.0,2734.5,0.0
2023-01-19T16:00:00+00:00,1655.2,529.6,529.6,0.0,0.0,1120.5,0.0,4420.3,1.0,1723.5,0.0
2023-01-19T17:00:00+00:00,79.3,647.7,79.3,568.5,0.0,0.0,0.0,3792.3,0.8408,84.3,0.0
2023-01-19T18:00:00+00:00,0.0,836.6,0.0,836.6,0.0,0.0,0.0,2882.3,0.6099,0.0,0.0
2023-01-19T19:00:00+00:00,0.0,941.8,0.0,941.8,0.0,0.0,0.0,1861.6,0.3501,0.0,0.0
2023-01-19T20:00:00+00:00,0.0,846.9,-0.0,846.9,0.0,0.0,0.0,940.7,0.1153,0.0,0.0
2023-01-19T21:00:00+00:00,0.0,709.6,0.0,400.0,309.6,0.0,0.0,488.9,0.0,0.0,0.0
2023-01-19T22:00:00+00:00,0.0,587.3,0.0,0.0,587.3,0.0,0.0,488.6,0.0,0.0,0.0
2023-01-19T23:00:00+00:00,0.0,434.9,0.0,0.0,434.9,0.0,0.0,488.5,0.0,0.0,0.0
2023-01-20T00:00:00+00:00,0.0,293.5,0.0,0.0,293.5,0.0,0.0,488.1,0.0,0.0,0.0
2023-01-20T01:00:00+00:00,0.0,217.2,0.0,0.0,217.2,0.0,0.0,488.1,0.0,0.0,0.0
2023-01-20T02:00:00+00:00,0.0,199.1,0.0,0.0,199.1,0.0,0.0,488.1,0.0,0.0,0.0
2023-01-20T03:00:00+00:00,0.0,193.8,0.0,0.0,193.8,0.0,0.0,488.1,0.0,0.0,0.0
2023-01-20T04:00:00+00:00,0.0,197.0,0.0,0.0,197.0,0.0,0.0,488.0,0.0,0.0,0.0
2023-01-20T05:00:00+00:00,0.0,235.8,0.0,0.0,235.8,0.0,0.0,488.0,0.0,0.0,0.0
2023-01-20T06:00:00+00:00,0.0,453.5,0.0,0.0,453.5,0.0,0.0,488.0,0.0,0.0,0.0
2023-01-20T07:00:00+00:00,0.0,651.5,0.0,0.0,651.5,0.0,0.0,488.0,0.0,0.0,0.0
2023-01-20T08:00:00+00:00,0.0,672.0,0.0,0.0,672.0,0.0,0.0,488.0,0.0,15.7,0.0
2023-01-20T09:00:00+00:00,1382.0,620.2,620.2,0.0,0.0,0.0,0.0,1230.5,0.19,1422.3,0.0
2023-01-20T10:00:00+00:00,2425.6,584.9,584.9,0.0,0.0,0.0,0.0,3019.5,0.6469,2465.1,0.0
2023-01-20T11:00:00+00:00,3047.4,595.5,595.5,0.0,0.0,1021.6,0.0,4408.6,1.0,3114.7,0.0
2023-01-20T12:00:00+00:00,3430.3,657.9,657.9,0.0,0.0,2761.4,0.0,4414.4,1.0,3565.6,0.0
2023-01-20T13:00:00+00:00,3630.9,651.8,651.8,0.0,0.0,2970.4,0.0,4417.8,1.0,3775.5,0.0
2023-01-20T14:00:00+00:00,3266.3,580.6,580.6,0.0,0.0,2678.8,0.0,4419.6,1.0,3394.5,0.0
2023-01-20T15:00:00+00:00,2682.8,527.6,527.6,0.0,0.0,2149.5,0.0,4420.2,1.0,2787.0,0.0
2023-01-20T16:00:00+00:00,1709.4,529.5,529.5,0.0,0.0,1174.7,0.0,4419.5,1.0,1779.3,0.0
2023-01-20T17:00:00+00:00,111.0,647.6,111.0,536.5,0.0,0.0,0.0,3826.3,0.8496,118.1,0.0
2023-01-20T18:00:00+00:00,0.0,836.4,0.0,836.4,0.0,0.0,0.0,2916.4,0.6187,0.0,0.0
2023-01-20T19:00:00+00:00,0.0,941.6,0.0,941.6,0.0,0.0,0.0,1896.0,0.359,0.0,0.0
2023-01-20T20:00:00+00:00,0.0,846.7,0.0,846.7,0.0,0.0,0.0,975.2,0.1242,0.0,0.0
2023-01-20T21:00:00+00:00,0.0,709.5,0.0,433.1,276.4,0.0,0.0,488.8,0.0,0.0,0.0
2023-01-20T22:00:00+00:00,0.0,587.2,0.0,0.0,587.2,0.0,0.0,488.7,0.0,0.0,0.0
2023-01-20T23:00:00+00:00,0.0,434.8,0.0,0.0,434.8,0.0,0.0,488.7,0.0,0.0,0.0
2023-01-21T00:00:00+00:00,0.0,337.4,0.0,0.0,337.4,0.0,0.0,488.5,0.0,0.0,0.0
2023-01-21T01:00:00+00:00,0.0,266.1,0.0,0.0,266.1,0.0,0.0,488.5,0.0,0.0,0.0
2023-01-21T02:00:00+00:00,0.0,211.9,0.0,0.0,211.9,0.0,0.0,488.5,0.0,0.0,0.0
2023-01-21T03:00:00+00:00,0.0,199.8,0.0,0.0,199.8,0.0,0.0,488.5,0.0,0.0,0.0
2023-01-21T04:00:00+00:00,0.0,193.5,0.0,0.0,193.5,0.0,0.0,488.5,0.0,0.0,0.0
2023-01-21T05:00:00+00:00,0.0,201.7,0.0,0.0,201.7,0.0,0.0,488.5,0.0,0.0,0.0
2023-01-21T06:00:00+00:00,0.0,267.2,0.0,0.0,267.2,0.0,0.0,488.5,0.0,0.0,0.0
2023-01-21T07:00:00+00:00,0.0,412.4,0.0,0.0,412.4,0.0,0.0,488.5,0.0,0.0,0.0
2023-01-21T08:00:00+00:00,0.0,602.4,0.0,0.0,602.4,0.0,0.0,488.5,0.0,15.5,0.0
2023-01-21T09:00:00+00:00,1421.2,713.2,713.2,0.0,0.0,0.0,0.0,1178.6,0.1764,1463.7,0.0
2023-01-21T10:00:00+00:00,2465.6,744.1,744.1,0.0,0.0,0.0,0.0,2851.5,0.6036,2508.9,0.0
2023-01-21T11:00:00+00:00,3041.1,779.9,779.9,0.0,0.0,660.4,0.0,4406.8,1.0,3103.0,0.0
2023-01-21T12:00:00+00:00,3492.4,838.3,838.3,0.0,0.0,2646.3,0.0,4409.4,1.0,3630.7,0.0
2023-01-21T13:00:00+00:00,3626.8,834.3,834.3,0.0,0.0,2785.7,0.0,4411.0,1.0,3771.4,0.0
2023-01-21T14:00:00+00:00,3011.4,772.1,772.1,0.0,0.0,2233.3,0.0,4411.9,1.0,3128.8,0.0
2023-01-21T15:00:00+00:00,1820.8,723.6,723.6,0.0,0.0,1091.7,0.0,4412.3,1.0,1894.2,0.0
2023-01-21T16:00:00+00:00,1579.2,728.2,728.2,0.0,0.0,845.9,0.0,4411.7,1.0,1645.1,0.0
2023-01-21T17:00:00+00:00,114.7,908.1,114.7,793.4,0.0,0.0,0.0,3547.8,0.7802,120.7,0.0
2023-01-21T18:00:00+00:00,0.0,1053.6,0.0,1053.6,0.0,0.0,0.0,2409.4,0.4903,0.0,0.0
2023-01-21T19:00:00+00:00,0.0,1057.2,0.0,1057.2,0.0,0.0,0.0,1267.2,0.1987,0.0,0.0
2023-01-21T20:00:00+00:00,0.0,865.2,0.0,711.1,154.1,0.0,0.0,489.0,0.0,0.0,0.0
2023-01-21T21:00:00+00:00,0.0,674.6,0.0,0.0,674.6,0.0,0.0,488.8,0.0,0.0,0.0
2023-01-21T22:00:00+00:00,0.0,616.3,0.0,0.0,616.3,0.0,0.0,488.8,0.0,0.0,0.0
2023-01-21T23:00:00+00:00,0.0,522.8,0.0,0.0,522.8,0.0,0.0,488.7,0.0,0.0,0.0
2023-01-22T00:00:00+00:00,0.0,393.2,0.0,0.0,393.2,0.0,0.0,488.4,0.0,0.0,0.0
2023-01-22T01:00:00+00:00,0.0,283.2,0.0,0.0,283.2,0.0,0.0,488.3,0.0,0.0,0.0
2023-01-22T02:00:00+00:00,0.0,226.7,0.0,0.0,226.7,0.0,0.0,488.1,0.0,0.0,0.0
2023-01-22T03:00:00+00:00,0.0,206.9,0.0,0.0,206.9,0.0,0.0,488.0,0.0,0.0,0.0
2023-01-22T04:00:00+00:00,0.0,194.8,0.0,0.0,194.8,0.0,0.0,487.9,0.0,0.0,0.0
2023-01-22T05:00:00+00:00,0.0,194.3,0.0,0.0,194.3,0.0,0.0,487.8,0.0,0.0,0.0
2023-01-22T06:00:00+00:00,0.0,206.1,0.0,0.0,206.1,0.0,0.0,487.7,0.0,0.0,0.0
2023-01-22T07:00:00+00:00,0.0,251.5,0.0,0.0,251.5,0.0,0.0,487.7,0.0,0.0,0.0
2023-01-22T08:00:00+00:00,0.0,445.3,0.0,0.0,445.3,0.0,0.0,487.7,0.0,19.9,0.0
2023-01-22T09:00:00+00:00,1430.2,696.7,696.7,0.0,0.0,0.0,0.0,1202.7,0.1831,1472.4,0.0
2023-01-22T10:00:00+00:00,2519.0,876.1,876.1,0.0,0.0,0.0,0.0,2799.0,0.5915,2565.5,0.0
2023-01-22T11:00:00+00:00,3160.2,1020.0,1020.0,0.0,0.0,492.9,0.0,4399.5,1.0,3224.3,0.0
2023-01-22T12:00:00+00:00,3570.7,1039.7,1039.7,0.0,0.0,2521.3,0.0,4403.9,1.0,3712.5,0.0
2023-01-22T13:00:00+00:00,3739.1,870.3,870.3,0.0,0.0,2860.3,0.0,4407.2,1.0,3888.9,0.0
2023-01-22T14:00:00+00:00,3388.0,684.7,684.7,0.0,0.0,2695.9,0.0,4409.5,1.0,3521.6,0.0
2023-01-22T15:00:00+00:00,2769.3,586.5,586.5,0.0,0.0,2176.7,0.0,4410.4,1.0,2876.9,0.0
2023-01-22T16:00:00+00:00,1802.3,536.7,536.7,0.0,0.0,1260.5,0.0,4410.2,1.0,1875.2,0.0
2023-01-22T17:00:00+00:00,142.6,632.2,142.6,489.6,0.0,0.0,0.0,3868.2,0.8623,151.8,0.0
2023-01-22T18:00:00+00:00,0.0,786.7,0.0,786.7,0.0,0.0,0.0,3010.6,0.6441,0.0,0.0
2023-01-22T19:00:00+00:00,0.0,886.7,0.0,886.7,0.0,0.0,0.0,2047.9,0.3984,0.0,0.0
2023-01-22T20:00:00+00:00,0.0,805.3,0.0,805.3,0.0,0.0,0.0,1170.8,0.1744,0.0,0.0
2023-01-22T21:00:00+00:00,0.0,681.7,0.0,619.7,61.9,0.0,0.0,488.5,0.0,0.0,0.0
2023-01-22T22:00:00+00:00,0.0,577.2,0.0,0.0,577.2,0.0,0.0,488.3,0.0,0.0,0.0
2023-01-22T23:00:00+00:00,0.0,425.7,0.0,0.0,425.7,0.0,0.0,488.2,0.0,0.0,0.0
