run,npv_savings,payback_year,payback_year_interpolated,lcoe_per_kwh,final_soh_pct,mean_grid_independence_pct,lifetime_grid_independence_pct,total_replacements,total_replacement_cost_t0_prices,mean_pv_dc_generation_kwh,mean_direct_pv_ac_load_kwh,mean_pv_origin_battery_ac_load_kwh,mean_self_consumption_kwh,mean_usable_ac_system_production_kwh,mean_import_kwh,mean_export_kwh,terminal_health_credit,terminal_health_credit_npv,npv_savings_terminal_adjusted
1,4405.167587599808,13,12.933396579499735,0.10657965769897794,70.5605580238565,74.58378172061222,74.315285350276,1,2500.0,7880.278258357479,1975.018576978011,981.6164511296649,2956.635028107676,7411.282252061108,1022.0009122606491,4454.647223953432,,,
2,4321.999179342722,14,13.202354253046344,0.10591410045494952,70.56607139895604,75.41002351689725,75.00012775500515,1,2500.0,7938.5314579512,1949.149057808018,982.1233517035907,2931.272409511608,7465.188511753593,977.2138334337491,4533.916102241985,,,
3,4576.522526460925,14,13.062255193324063,0.10598546769128739,70.62384433842391,73.93529055544504,73.68805555365032,1,2500.0,7922.459996304021,2013.9195604073097,982.8055181547785,2996.725078562089,7453.7020899106765,1070.1860802565682,4456.977011348588,,,
4,4308.369651786619,14,13.244591806316063,0.10675361175816941,70.4746119074873,75.29267830979258,75.03578952379095,1,2500.0,7901.6346766422475,1951.4497905963908,983.2464165221921,2934.696207118583,7430.010204620934,976.4952626064753,4495.313997502352,,,
5,4202.257511057072,14,13.303959253706033,0.10681815836650302,70.56184011087656,75.02962847784501,74.76618557839443,1,2500.0,7873.897251773019,1934.977020336621,975.739315421844,2910.7163357584654,7403.013093614133,982.50608956361,4492.296757855667,,,
6,4210.252816281029,14,13.481922938983734,0.10666431009344278,70.59323546804531,75.20988926766401,74.72401401214523,1,2500.0,7877.276361864713,1938.6518643967422,975.0642018313935,2913.716066228136,7406.439040957147,985.7186449553619,4492.722974729011,,,
7,4407.331467221567,14,13.123903391276524,0.1070518357594038,70.64411028121364,73.84853107083927,73.68916453812744,1,2500.0,7850.77784519629,1987.388229835558,976.5048623433102,2963.893092178868,7384.309772862699,1058.4011185094128,4420.416680683831,,,
8,4594.386303149608,14,13.096836363277806,0.10592021719083353,70.6791797031153,73.77997854587659,73.56639012417652,1,2500.0,7940.532151743081,2019.623860469639,980.8236105217902,3000.4474709914293,7472.008251882672,1078.2499022943107,4471.560780891244,,,
9,4378.929795240041,14,13.358383192843611,0.10597543618948589,70.54063069182523,75.08538952525029,74.73119334466115,1,2500.0,7943.238027487646,1965.293268479233,984.0316470811586,2949.324915560391,7470.695041276247,997.3836540905388,4521.3701257158555,,,
10,4683.957317780476,14,13.031510944788945,0.10586005497310629,70.56730043797364,74.12020248960708,73.87475517292754,1,2500.0,7937.254324970809,2031.7577200478336,991.1819559891526,3022.939676036986,7468.521252627635,1069.1768695630528,4445.58157659065,,,
11,4514.319407645591,13,12.987227221303577,0.10657039603617367,70.54653398066341,74.37391266749515,74.22820692703684,1,2500.0,7899.912720667502,1997.5561998267235,987.4209707948039,2984.9771706215274,7430.84410703646,1036.5091722194773,4445.866936414932,,,
12,4550.064746382763,14,13.021780585851108,0.10622012424563781,70.65537730029546,73.64911716247848,73.46575304457595,1,2500.0,7917.087217619109,2009.9858432759058,981.8452343776628,2991.8310776535686,7448.781762887002,1080.7253654098743,4456.950685233434,,,
13,4412.281922071637,14,13.204610556050074,0.10619567590251791,70.53667596948337,74.94652368287731,74.6434632239791,1,2500.0,7915.589522919121,1974.2001634666226,984.5566266586627,2958.7567901252855,7444.883444579163,1005.2265761248742,4486.1266544538785,,,
14,4586.966464044006,13,12.859194772661855,0.10452775341842746,70.44178869163457,74.98664433083178,74.75949675546123,1,2500.0,8038.57285841504,1990.1958325024484,989.1365192677043,2979.3323517701524,7563.342456656757,1006.0217972136679,4584.0101048866045,,,
15,4326.253769094663,14,13.192196641395554,0.10611564059991073,70.62235629517785,74.78517185004213,74.46798857760966,1,2500.0,7941.722698803703,1957.7061365786208,974.8623396073917,2932.5684761860125,7469.631967221462,1005.5870698406239,4537.063491035447,,,
16,4181.231969043154,14,13.32298143550587,0.10659636468308434,70.52769195893435,75.54410949545927,75.22788253416184,1,2500.0,7880.002054428788,1925.3821836154875,978.5615554721844,2903.9437390876724,7408.136577928593,956.3794545910405,4504.1928388409215,,,
17,4166.545989789825,14,13.375090604503896,0.1065272335555713,70.49654254568956,75.83673020692936,75.66198549493815,1,2500.0,7916.841208754153,1913.8299192154304,983.9193481138589,2897.749267329289,7442.186985430091,932.2372869167854,4544.437718100804,,,
18,4120.5775282838185,14,13.627572104206362,0.10726307233014745,70.51982834312203,75.78441720106301,75.15943607512422,1,2500.0,7846.770654677534,1918.0868545288922,978.2536510161887,2896.3405055450808,7374.61545637472,957.3842336008604,4478.274950829638,,,
19,4333.939027020624,14,13.235475944597285,0.10862012182181692,70.71071456832271,73.96334631548459,73.62428717371895,1,2500.0,7759.351510227289,1986.5529196250623,977.0997531520521,2963.6526727771143,7295.741592276858,1061.8596985576853,4332.088919499742,,,
20,4355.82184150896,14,13.215543548459477,0.10716954861061638,70.61111529632234,74.59890244352307,74.26994175089673,1,2500.0,7856.0213569262505,1973.849386431452,980.8806374886548,2954.7300239201077,7387.678893228583,1023.7708050198944,4432.948869308477,,,
21,4741.615720516784,13,12.895920559562656,0.10606490564567801,70.65875726212113,73.38671365292346,73.00658120891586,1,2500.0,7936.337575909926,2056.7783590563376,982.98811166367,3039.766470720008,7469.933762460458,1124.0647949729266,4430.167291740452,,,
22,4728.5683533175725,13,12.722738663420209,0.10536101888953334,70.56797667959398,73.85224494443237,73.68867690671101,1,2500.0,7976.803751382616,2034.9291397061709,990.6215669799383,3025.550706686109,7506.800023075406,1080.4447243201168,4481.249316389296,,,
23,4419.667951545898,14,13.067920461332,0.10574109450886568,70.54720105611338,75.05089708356836,74.78606046518712,1,2500.0,7951.571088620568,1967.8524771376492,985.3335953266885,2953.1860724643375,7478.7415866857245,995.7906295607339,4525.555514221387,,,
24,4371.875576011018,14,13.223336947441139,0.10754819496016584,70.60969231600271,74.3306079321371,74.18264082452319,1,2500.0,7822.5925046271805,1979.0149135718207,983.0368531949613,2962.051766766782,7355.80461446994,1031.0016560185927,4393.75284770316,,,
25,4680.198536888536,14,13.02410950451215,0.10618464664612634,70.66216284783772,73.507860507542,73.13638999483851,1,2500.0,7909.137703132872,2041.7252078987053,984.2535031662322,3025.9787110649377,7442.711171753859,1111.6103120066268,4416.7324606889215,,,
26,4518.711827773182,14,13.067714965301937,0.10672462727085767,70.67036841672643,73.71478584131351,73.2686236858955,1,2500.0,7881.110070666121,2014.1371900642794,976.2686148087812,2990.40580487306,7414.746198691786,1091.1622101456337,4424.340393818726,,,
27,4533.905569595256,14,13.04869475666254,0.10707381988657347,70.57991872356884,74.00052675897115,73.82362882677921,1,2500.0,7864.991619437057,2009.9237869608219,984.9980395681674,2994.9218265289896,7398.467012737006,1062.0767592287234,4403.545186208018,,,
28,4348.617196917632,14,13.238384515793204,0.10763286448023157,70.62759393407265,74.19439184535159,73.91904016338025,1,2500.0,7801.894600698853,1979.0617067400817,978.1854586933187,2957.2471654334,7336.38380724538,1043.545554591626,4379.1366418119815,,,
29,4588.851195264975,14,13.106144119479428,0.10587764290355423,70.59199620654188,73.80899291963365,73.2096336765333,1,2500.0,7937.275736908782,2025.496927896959,976.0128332199189,3001.509761116878,7469.691970994488,1098.5140458801002,4468.18220987761,,,
30,4401.335490587298,13,12.919083722707255,0.10728529657738414,70.73704377252781,73.93067077225518,73.68278204757807,1,2500.0,7834.656301451041,1988.3150430984595,974.6181680954329,2962.933211193892,7368.639418068616,1058.4082015328015,4405.706206874723,,,
31,4548.4746633869145,13,12.873321543115873,0.1056309182999469,70.54768091991824,74.4711501008596,74.25760017846592,1,2500.0,7961.5300538031415,1995.1897537217596,987.2830290289403,2982.4727827506995,7489.758334015192,1034.0493560782095,4507.285551264491,,,
32,4213.068319840546,14,13.613324079443709,0.10619052095150439,70.4824610349781,75.73653832471902,75.42771814621403,1,2500.0,7937.872485250601,1927.472884920609,982.0586193248391,2909.5315042454476,7463.119365391326,947.9714203748475,4553.587861145879,,,
33,4137.086436119671,14,13.49295383910641,0.10685233823479948,70.50899925522802,75.45709562080997,75.18008304526013,1,2500.0,7871.619245952362,1919.5144003783175,976.3812051173303,2895.895605495648,7399.952565513777,956.1763835334116,4504.056960018128,,,
34,4727.613957650257,13,12.787879853000394,0.10718697037198373,70.69548637697508,73.26083184457032,73.04971353810285,1,2500.0,7829.742995515231,2059.418915895519,987.7835161611569,3047.202432056676,7366.992091219305,1124.3508989082825,4319.789659162629,,,
35,4466.472966443609,14,13.00961554623683,0.10643521417871935,70.53848919503794,74.52223307829692,74.24167824499166,1,2500.0,7890.591198521708,1987.51361564225,982.886957012026,2970.4005726542755,7421.284549347629,1030.720787204385,4450.883976693353,,,
36,4765.6295641379875,13,12.76326417975386,0.10521956527335255,70.58542308642342,73.83866473691381,73.66610695552096,1,2500.0,7990.583751150583,2044.0988728646212,990.8985987575339,3034.9974716221545,7520.699137533855,1085.0791750317167,4485.701665911701,,,
37,4377.638796762092,14,13.132134635175658,0.10605582686533654,70.53658962290969,74.95661236378761,74.67328162558937,1,2500.0,7913.952217142379,1962.4032940254122,983.1775824082977,2945.5808764337103,7442.593380852546,999.1760380279536,4497.012504418836,,,
38,4459.1007582456,14,13.074988586442887,0.10596642198710912,70.5999478562911,74.62800231899186,74.24863199130488,1,2500.0,7938.603620008011,1981.354892645925,984.2376012594392,2965.592493905364,7467.23589359006,1028.68026471006,4501.643399684695,,,
39,4762.420337996533,13,12.76376157578674,0.10578143141846841,70.62841262726454,72.98166692160741,72.78504480987912,1,2500.0,7934.3550188304025,2056.6014177874063,983.7546174568691,3040.3560352442746,7467.951087041349,1136.9617294470825,4427.595051797075,,,
40,4179.102032939834,14,13.311843458319743,0.10597193857827072,70.40012231101186,76.00195601236689,75.79601058318815,1,2500.0,7944.65253476491,1911.7141624901622,983.743568162948,2895.45773065311,7468.807584050732,924.7321020784311,4573.349853397622,,,
41,4419.025853728424,14,13.041433318309286,0.10614519106428787,70.5569114911722,74.88715135138932,74.50740763731204,1,2500.0,7922.04889431887,1974.301812611712,981.748218841121,2956.0500314528335,7451.1072943640465,1011.5397701390793,4495.057262911215,,,
42,4708.674124449255,14,13.110449958737599,0.10511166607856948,70.58453167002583,74.00463290929197,73.63844816953211,1,2500.0,8003.052983844878,2038.4295332591269,983.4117929220326,3021.8413261811593,7533.139616598118,1081.9164292162905,4511.298290416957,,,
43,4497.247016142228,14,13.08140346127455,0.10693430510615344,70.64044080413116,73.800507013572,73.42923143952078,1,2500.0,7876.8678963518105,2008.899624172112,977.7173282078414,2986.6169523799535,7410.278481690785,1080.8644896225937,4423.661529310831,,,
44,4071.8451359425053,14,13.673897167389228,0.10636456366721454,70.40127121685903,76.41350314355779,76.23482546644883,1,2500.0,7930.349458108736,1893.6425606322548,982.8688068600273,2876.5113674922823,7453.995048801206,896.8341751173527,4577.483681308922,,,
45,4477.619858790133,14,13.051929818136449,0.1065050459322991,70.62745056815723,74.12754545821119,73.92413189269642,1,2500.0,7906.18876349692,1994.8136209041375,980.9189213836073,2975.7325422877443,7437.453252234498,1049.7911545321358,4461.720709946751,,,
46,4486.221377940492,13,12.99245239510662,0.10617342181589437,70.60905741486549,74.22810836805101,73.98086525600473,1,2500.0,7925.920381883312,1991.6956754115067,981.3313567400379,2973.0270321515445,7455.893195926449,1045.7537412958825,4482.866163774905,,,
47,4343.894071219573,14,13.30546601224381,0.10664115920444811,70.5952403714274,74.74862885029162,74.51692885579418,1,2500.0,7899.971367875127,1964.9267721926349,980.6189496257148,2945.54572181835,7429.516936983129,1007.4415971766806,4483.971215164779,,,
48,4574.163036639638,13,12.851355247934091,0.10583171267095244,70.64860950005458,73.48081091557961,73.43514753992876,1,2500.0,7932.581463076487,2011.3540266251744,979.325056538108,2990.679083163283,7463.741523925285,1082.0066781581306,4473.0624407620035,,,
49,4493.042201023583,13,12.999432083345482,0.10671275650631987,70.52826931566479,74.83459667154078,74.43555042694447,1,2500.0,7879.507610545386,1993.8807203503984,989.3776007890941,2983.2583211394926,7410.608092679841,1024.716437977636,4427.349771540347,,,
50,4550.53458320245,14,13.132117212925317,0.10611657354807097,70.6124458561976,74.18439143976636,73.94934606749466,1,2500.0,7937.598088952489,2007.5775700140723,984.5594253918318,2992.1369954059046,7468.179342495141,1054.198281460251,4476.042347089237,,,
51,4619.756732931666,14,13.117240202291223,0.1057836962155903,70.58844593163856,74.08099284933071,73.73596177943136,1,2500.0,7949.152134300207,2021.5915600206401,984.943437381784,3006.534997402424,7479.646739135224,1071.037164260481,4473.1117417328005,,,
52,4684.588503400646,13,12.88249735750684,0.10645317901312441,70.63867818534858,73.31059309287193,73.02152068888496,1,2500.0,7906.420190588334,2044.2011568959538,981.8266486137032,3026.0278055096564,7440.586586023886,1118.1373632463797,4414.558780514229,,,
53,4445.1219808812475,13,12.998759786572256,0.10610036665056946,70.59509422255401,74.37646935207195,73.99793167541904,1,2500.0,7927.092781265679,1983.0897341969599,979.1002048326667,2962.1899390296267,7456.690335071862,1041.0182716415065,4494.5003960422355,,,
54,4417.090778971393,14,13.23358499730936,0.10578352635241065,70.57677967999977,74.8055702442297,74.59793006010642,1,2500.0,7949.418771991062,1972.9173772829138,981.3536172072187,2954.270994490133,7477.542305622206,1006.1194393443275,4523.271311132072,,,
55,4381.9017332536605,14,13.211963305155821,0.10635996450343195,70.5626777561515,74.7884815137888,74.53750370768634,1,2500.0,7899.213565495587,1970.452979973387,981.4400895405088,2951.893069513896,7428.72724650888,1008.5192479464,4476.834176994986,,,
56,4390.653397258755,14,13.13868772783222,0.1070447542264748,70.50812238509069,75.11481527438028,74.98333888127915,1,2500.0,7867.402303066636,1968.1443919365624,991.2784276979639,2959.4228196345257,7397.417807256073,987.4806563003483,4437.994987621545,,,
57,4537.576918223949,14,13.11704452479737,0.10665643811674533,70.67709298327254,73.63658158834409,73.45898114128842,1,2500.0,7890.924274810491,2014.6790349073322,979.3395596013419,2994.0185945086737,7424.285464350089,1081.8910036611712,4430.2668698414145,,,
58,4384.73193151926,14,13.108307628292634,0.1062439772579582,70.52243808958715,75.02840857729412,74.6273534001001,1,2500.0,7917.069637933872,1966.343012326898,983.1606759690345,2949.503688295932,7445.4293396441335,1002.9372531105503,4495.925651348201,,,
59,4755.8686767269755,13,12.674175300718865,0.10537219713462781,70.50855713740845,74.03009544116671,73.86186576395427,1,2500.0,7982.390983227015,2038.8014822881232,994.0544662469969,3032.8559485351207,7512.218336940021,1073.4009324485571,4479.362388404899,,,
60,4415.907017050256,14,13.183256545471124,0.10758028494288632,70.66612160206232,73.86418850469316,73.43426151992446,1,2500.0,7808.344719122203,1995.277780813279,976.1248088889879,2971.4025897022666,7343.804468717351,1075.080899373656,4372.401879015083,,,
61,4500.640000323849,14,13.030343127050534,0.10626126881483473,70.59463759624973,74.04115189195011,73.83554628410135,1,2500.0,7925.862381131294,1996.6197223494987,981.3837894344966,2978.0035117839952,7456.499209439238,1055.426501694205,4478.495697655243,,,
62,4595.157689789639,13,12.820531057517275,0.10565302028602061,70.58231741981675,73.96663034398676,73.80897560817941,1,2500.0,7950.171578889722,2010.8660822861016,984.2296304994277,2995.0957127855295,7480.466379090796,1062.9439998599785,4485.370666305266,,,
63,4554.177935259922,14,13.00103664178312,0.10634828005521786,70.53607054717364,74.40552690523616,74.05963962001043,1,2500.0,7905.200855832512,2006.8140615181032,987.6887438955835,2994.502805413687,7436.446257709814,1048.9994349443848,4441.9434522961255,,,
64,4287.758016356154,14,13.221336544289311,0.10765593843643094,70.63188191134762,74.3176573193418,74.04748614256447,1,2500.0,7807.086459166184,1963.9326731645058,975.7778159370798,2939.710489101585,7340.504710383289,1030.4607023429721,4400.794221281705,,,
65,4508.839843288868,14,13.230694527727117,0.10448573243852474,70.45975031172307,75.58073959823818,75.25592975600779,1,2500.0,8046.110213411385,1973.768571126894,990.8591929936061,2964.6277641204997,7569.566415844298,974.8939527173892,4604.938651723796,,,
66,4613.322899464316,14,13.015918992749521,0.1050591317559742,70.56960548305776,74.32895368870278,73.95278181317997,1,2500.0,8004.697540787749,2011.2102200507093,983.3064839388466,2994.516703989556,7532.711104749692,1054.848653457935,4538.194400760134,,,
67,4280.185615974839,14,13.157954705549058,0.10603317061470101,70.50941276401622,75.38423825048821,75.1739742785636,1,2500.0,7939.031868114269,1936.2635034408581,983.3793513367706,2919.6428547776277,7464.7567682227145,964.333680579176,4545.113913445086,,,
68,4543.417812713364,14,13.133681212456978,0.10671381239548201,70.55480149220476,74.19589831100487,73.92016660487084,1,2500.0,7879.328455835193,2009.7196113769235,985.936463345574,2995.6560747224967,7411.850532087461,1057.0361571609153,4416.194457364964,,,
69,4591.8825703486145,14,13.123245720201776,0.10641184089987814,70.6137005576994,73.94229837802898,73.59078558310415,1,2500.0,7898.6873925671725,2021.9730264934492,982.1406150694017,3004.1136415628516,7431.478790071977,1078.2124734802287,4427.365148509126,,,
70,4372.231168914219,14,13.092242714395104,0.10593848400485462,70.5451958848172,74.79101817432635,74.43038534506879,1,2500.0,7937.224402306924,1966.3135171330584,977.1086165116456,2943.4221336447035,7465.7386364359745,1011.3080393400609,4522.31650279127,,,
71,4214.041031853027,14,13.414252730125192,0.10642203045374299,70.52684868684105,75.43993988303451,75.15048457288682,1,2500.0,7920.335924454639,1930.4306831609974,980.7834597910696,2911.214142952066,7446.835186499523,962.7604823509346,4535.621043547455,,,
72,4574.75889136453,13,12.767140720985154,0.10653799835355882,70.66047839176548,73.49742338069133,73.12567741059574,1,2500.0,7881.681418843909,2020.3801262679904,977.4923388937666,2997.872465161756,7415.505831269469,1101.8862102479482,4417.633366107713,,,
73,4284.953317466607,14,13.260507910025598,0.10759361169840727,70.63820054028255,74.32623095146619,74.1412514644932,1,2500.0,7824.465179598004,1962.711081759322,977.4927367417437,2940.203818501065,7357.311106260231,1025.6103340284903,4417.107287759167,,,
74,4312.998901751711,14,13.242204694784945,0.10697054178776756,70.56473709914522,74.98846328670916,74.63754230786171,1,2500.0,7874.773384216889,1958.6520281670703,981.4723066812119,2940.124334848283,7404.864969014294,999.2107744604336,4464.740634166012,,,
75,4523.064869452282,14,13.085305925301649,0.10499616233067334,70.4663887292733,74.63907919946281,74.47049401718566,1,2500.0,8010.959037971331,1984.3814442249354,986.9479510945494,2971.329395319485,7536.968179030907,1018.7459998000113,4565.638783711423,,,
76,4507.623718406299,14,13.16015060747845,0.10661895034323196,70.60054898244636,74.05775298105138,73.69408166731696,1,2500.0,7884.891349564609,2006.1395239170652,982.5723765417137,2988.711900458779,7417.574773346484,1066.992464943793,4428.862872887706,,,
77,4334.386533036155,14,13.245812567569367,0.10661116253806464,70.51268065391434,74.94089614890271,74.79165012274618,1,2500.0,7909.995533303273,1956.4864556900054,983.6793129274195,2940.1657686174244,7438.313879205521,991.1074750645155,4498.148110588097,,,
78,4229.886303698899,14,13.336268790892865,0.10596939360977327,70.53230104405743,75.38934843157058,74.80875093596242,1,2500.0,7955.215539035004,1935.7085611534785,973.9644782854773,2909.6730394389556,7480.818991045917,979.9381383971125,4571.145951606962,,,
79,4551.162920794617,13,12.963588451399414,0.10639390796139502,70.61196225094544,73.91541381088237,73.72129046395997,1,2500.0,7900.525121629922,2010.191498487619,982.823734313931,2993.01523280155,7432.925425263651,1067.0287647956006,4439.910192462101,,,
80,4508.452128405628,14,13.009860522001018,0.10691494277634092,70.68686831539934,73.634238640136,73.31261691461366,1,2500.0,7844.721483268346,2011.0791476887105,977.2409131296048,2988.320060818315,7379.320209966434,1087.9555617381882,4391.000149148118,,,
81,4393.570686018131,14,13.218302804439276,0.10799678818452586,70.66339526866835,73.54044500293942,73.3212453595598,1,2500.0,7786.075025008717,1994.9434699936487,975.8890677515153,2970.8325377451633,7322.491348991154,1081.1127038782997,4351.658811245991,,,
82,4367.547827041473,14,13.046729717279593,0.10608841492265919,70.65397472118903,74.72114278746704,74.28017552923112,1,2500.0,7915.427957544462,1968.8727700891868,975.7858454342183,2944.6586155234054,7445.008944874423,1019.7353084485288,4500.350329351018,,,
83,4386.248085778845,13,12.927067914509259,0.10713175832089931,70.59320710270954,74.6494823821229,74.47744219238635,1,2500.0,7846.021196867968,1972.1472251681528,985.2479629199963,2957.3951880881496,7377.596144175244,1013.5988056132826,4420.200956087094,,,
84,4401.241369090243,14,13.096393926128808,0.10702919637680015,70.6165038848912,74.35087851179563,74.26704293427811,1,2500.0,7862.323634491137,1979.1216246936176,983.5960100117024,2962.71763470532,7394.0373312229,1026.6942663677842,4431.319696517581,,,
85,4420.0888256400285,14,13.306537999878465,0.10619256651534034,70.50601291963626,75.17643190121301,74.70504707407292,1,2500.0,7932.162300025152,1972.9028561331074,987.0519331368357,2959.9547892699434,7460.2263740722965,1002.3654171377441,4500.271584802353,,,
86,3891.0259271122886,14,13.70184742809185,0.10747516042523544,70.48621100471036,76.47221553313193,75.8977982164687,1,2500.0,7837.105054468821,1869.0435406936347,970.3349722685383,2839.3785129621733,7363.793389564846,901.8001430262084,4524.414876602672,,,
87,4461.441792626825,14,13.016615556694129,0.10701047459344996,70.61732545465753,73.84708809184714,73.67228402764687,1,2500.0,7855.789811093493,1996.2579586666586,980.1564613727596,2976.414420039419,7389.000157922399,1063.7992841855516,4412.585737882979,,,
88,4270.167695530239,14,13.212079364875267,0.10678205241934444,70.55265912416858,74.90164204500893,74.71206263899384,1,2500.0,7887.178761500196,1948.9324382115988,978.7062555607223,2927.6386937723214,7416.624915935057,991.0551652669672,4488.9862221627345,,,
89,4282.806612442431,14,13.350501258774145,0.10750608717426054,70.5840511960348,74.45812795487844,74.16166213522274,1,2500.0,7834.88586125626,1963.5331818148625,975.9194883477692,2939.4526701626305,7367.529933540694,1024.2562342763913,4428.077263378064,,,
90,4087.653519653317,14,13.24952387677373,0.10653297904072892,70.48005057716036,76.16609712342161,75.80512776594654,1,2500.0,7895.523071758917,1896.862939992121,979.7099791027761,2876.5729190948964,7420.67059036988,918.2450874559587,4544.097671274983,,,
91,4431.449310507602,14,13.281433167348975,0.10642879121569655,70.52853917744191,74.42719190508231,74.18130821425956,1,2500.0,7901.70296305443,1983.0848462313666,982.3171106947444,2965.401956926111,7432.188112484442,1032.2387451214524,4466.786155558331,,,
92,4455.17377330962,14,13.063671133039213,0.10635097236408879,70.53896928919299,74.68182890629073,74.44552702832037,1,2500.0,7906.657652617303,1984.2990934676702,986.1445200391511,2970.4436135068213,7435.9944493069615,1019.7800261138267,4465.550835800141,,,
93,4381.189599771036,14,13.267575264633068,0.10740259223846298,70.72750303863671,73.77687024156302,73.5606878920008,1,2500.0,7820.982573130163,1987.6710985352315,976.1138679494061,2963.784966484637,7355.938780506025,1065.388376434581,4392.153814021387,,,
94,4372.309476962149,14,13.143477927172055,0.10716752668329606,70.64740362947542,74.41171547515953,74.15785029666364,1,2500.0,7851.420226823041,1978.809262464648,978.820595893799,2957.629858358446,7384.084258238925,1030.7953806964192,4426.454399880478,,,
95,4773.7207531223285,13,12.811386534391183,0.1055489694302464,70.65981314741006,73.2598852845329,72.92045178051293,1,2500.0,7960.643834598175,2058.6242349484432,982.388013958295,3041.0122489067385,7493.279681514774,1129.44570083824,4452.267432608036,,,
96,4109.669999979284,14,13.407163593495499,0.10608849881991714,70.50903880742842,75.92032580776271,75.7385865753792,1,2500.0,7912.982985590231,1899.4195284198406,979.034863582008,2878.4543920018486,7438.047962098193,922.1822525388558,4559.593570096344,,,
97,4593.623111815261,13,12.890849126766996,0.10678809510331884,70.72998693577809,73.36922438900635,73.20570977083935,1,2500.0,7869.328612992943,2029.2755712008566,978.4908631141634,3007.7664343150195,7404.375111334948,1101.0246914083548,4396.608677019928,,,
98,4686.212826014107,13,12.922968044785213,0.10591830237630076,70.69406473123266,73.5226704771359,73.26839956552142,1,2500.0,7928.091979616879,2038.9111345877143,983.5159898180416,3022.427124405756,7460.716765885036,1102.8594956105126,4438.289641479279,,,
99,4327.934410260183,14,13.218221647006104,0.10629557121350962,70.55486739042054,75.29227363930303,74.87840061680942,1,2500.0,7916.633392229973,1955.112961713897,982.1021051600555,2937.2150668739523,7444.49657955297,985.5630964524944,4507.281512679017,,,
100,4067.54308538801,14,13.472414608474123,0.10666238480776394,70.52890084318231,75.83319494160801,75.50225721993657,1,2500.0,7892.752788753872,1900.1481286734518,975.8479725802435,2875.9961012536955,7418.831677957511,933.2827472073652,4542.835576703815,,,
