Modules,Battery_kWh,Tilt,Azimuth,Grid_Independence_%,NPV,Objective_Grid_Independence_%,Objective_NPV,Projected_CO2_Avoided_SelfConsumed_kg,Projected_CO2_Avoided_Total_kg,Projected_Final_SOH_%,Projected_Grid_Independence_%,Projected_Grid_Independence_FinalYear_%,Projected_Grid_Independence_Mean_%,Projected_Grid_Independence_Min_%,Projected_Grid_Independence_Year1_%,Projected_Initial_Cost,Projected_Inverter_Loss_Year1_kWh,Projected_LCOE_per_kWh,Projected_NPV,Projected_PV_DC_Curtailed_Year1_kWh,Projected_PV_DC_FinalYear_kWh,Projected_PV_DC_Year1_kWh,Projected_PV_Production_FinalYear_kWh,Projected_PV_Production_Year1_kWh,Projected_Payback_Year,Projected_Payback_Year_Interpolated,Projected_Replacement_Cost_T0_Prices,Projected_Total_Replacements,Projected_ZEB_Ratio,Projected_ZEB_Ratio_FinalYear,Projected_ZEB_Ratio_Mean,Projected_ZEB_Ratio_Min,Projected_ZEB_Ratio_Year1,ZEB_Ratio
6,0.0,25.0,185.0,45.7092362117537,4686.861220226698,45.7092362117537,4686.861220226698,4677.334723076333,12065.003624902327,100.0,45.7092362117537,45.264760183818076,45.709236211753705,45.264760183818076,46.14165077376799,2820.1967999999997,216.1758251112631,0.06245316823496947,4686.861220226698,1.4722185364447569,4692.534680669453,5161.417106121399,4494.278831374357,4943.7690624736915,6.0,5.9797275663224845,0.0,0.0,1.1790520312038082,1.1235697078435891,1.1790520312038082,1.1235697078435891,1.235942265618423,1.1790520312038082
9,0.0,20.0,195.0,48.80641524933134,4372.804993898342,48.80641524933134,4372.804993898342,4994.262859633579,17816.839792655286,100.0,48.80641524933134,48.460265217314976,48.80641524933135,48.460265217314976,49.141146709718775,4230.2952000000005,319.58290719515935,0.06343650535682108,4372.804993898342,1.6085801196420835,6929.991265568355,7622.442431959506,6636.6758343585225,7301.250944644704,9.0,8.01699165801374,0.0,0.0,1.7411500071002348,1.6591689585896305,1.741150007100235,1.6591689585896305,1.825312736161176,1.7411500071002348
7,0.0,30.0,180.0,46.841069655820114,4632.999417640489,46.841069655820114,4632.999417640489,4793.152975740762,14175.155471350065,100.0,46.841069655820114,46.44193084994349,46.84106965582011,46.44193084994349,47.23287468451761,3290.2296,253.97213976580218,0.06201565831818266,4632.999417640489,1.732966375488244,5513.179585066978,6064.061611884428,5280.360033874718,5808.356505743137,7.0,6.659113246745551,0.0,0.0,1.3852665420363992,1.3200900084686795,1.3852665420363992,1.3200900084686795,1.4520891264357842,1.3852665420363992
9,1.0,45.0,195.0,53.85534457824582,3291.291880619796,53.85534457824582,3291.291880619796,5510.621805532277,17772.692982007637,91.58112537276246,53.85534457824582,54.12594504786554,53.85534457824582,52.86799225745269,55.03813328596738,5294.9668,328.63215293203524,0.08352737932567168,3291.291880619796,0.330862141861644,6949.099473373089,7643.459949642852,6615.765134385982,7281.839773971366,11.0,10.47033399962222,1000.0,2.0,1.7368357616691075,1.6539412835964955,1.736835761669107,1.6539412835964955,1.8204599434928417,1.7368357616691075
6,1.0,30.0,180.0,51.003878216970186,3724.229196482589,51.003878216970186,3724.229196482589,5218.828396777984,12074.773448292735,92.83925981660992,51.003878216970186,51.23697784451876,51.00387821697019,50.0042589656318,52.289361556810945,3813.3112,219.45663840411513,0.09046990582871449,3724.229196482589,1.3038284015968098,4725.582501485981,5197.767095900938,4494.525742920008,4946.277578143143,8.0,7.625578281901654,1000.0,2.0,1.1800067868318282,1.1236314357300021,1.1800067868318282,1.1236314357300021,1.2365693945357856,1.1800067868318282
7,1.0,30.0,195.0,52.28780654540239,3632.6507918579664,52.28780654540239,3632.6507918579664,5350.2158824903345,14021.745418490373,92.31273846190389,52.28780654540239,52.55040366781631,52.2878065454024,51.29068702207338,53.531581038036805,4307.1964,256.9631696254928,0.08723351532657458,3632.6507918579664,1.091245221283385,5485.696485715533,6033.832375709331,5219.429333998652,5744.312173093198,9.0,8.276828238381947,1000.0,2.0,1.3702745503176426,1.304857333499663,1.3702745503176426,1.304857333499663,1.4360780432732996,1.3702745503176426
9,2.0,25.0,180.0,59.52119322451854,2903.1180853067926,59.52119322451854,2903.1180853067926,6090.106444808475,17963.641712765148,91.81388314585442,59.52119322451854,60.40769499772334,59.52119322451854,57.84723873471378,61.50894154051696,5794.9668,337.4704412560205,0.09594658127310639,2903.1180853067926,2.1417221704085243,7041.199434683576,7744.762624663944,6684.7786959349505,7356.735306087839,12.0,11.330426601466586,2000.0,2.0,1.7554962192914103,1.6711946739837376,1.7554962192914103,1.6711946739837376,1.8391838265219596,1.7554962192914103
6,2.0,25.0,180.0,56.05917069816462,3202.514046151393,56.05917069816462,3202.514046151393,5735.824102275207,11955.051994147925,93.62308912486343,56.05917069816462,57.02937215332683,56.05917069816461,54.35798855847827,58.13572787453249,4313.3112,221.187797695613,0.11124807581978882,3202.514046151393,1.359590223548972,4694.132956455717,5163.175083109296,4447.129124485184,4895.386596646851,9.0,8.075949257603781,2000.0,2.0,1.1683070121714414,1.1117822811212958,1.1683070121714416,1.1117822811212958,1.2238466491617128,1.1683070121714414
8,3.0,30.0,185.0,63.55615147451283,2526.6559407738914,63.55615147451283,2526.6559407738914,6502.6755015285125,16012.71956909359,92.49120723491802,63.55615147451283,65.06743345875721,63.556151474512816,61.33246512248167,66.34521658552302,5801.0815999999995,307.43880256369073,0.11434729787412241,2526.6559407738914,1.66007462909902,6297.696634317903,6926.968333645711,5954.464003536736,6555.275699804023,12.0,11.77049437307529,3000.0,2.0,1.5648424252495494,1.488616000884184,1.5648424252495496,1.488616000884184,1.6388189249510057,1.5648424252495494
6,3.0,30.0,185.0,60.77268712102375,2666.0331939933076,60.77268712102375,2666.0331939933076,6217.834721681527,11990.697758324983,93.85687909668029,60.77268712102375,62.38945237890334,60.772687121023765,58.30934549906757,63.611921887062806,4813.3112,226.47210298021434,0.1307334308047288,2666.0331939933076,1.1081419940749202,4723.272475738427,5195.226250234283,4456.856465688465,4908.0314979072,11.0,10.90756734039232,3000.0,2.0,1.1717904931519216,1.1142141164221162,1.1717904931519214,1.1142141164221162,1.2270078744768,1.1717904931519216
6,4.0,30.0,190.0,65.27641143989635,2081.3615051774123,65.27641143989635,2081.3615051774123,6678.377068104584,11920.96087985891,93.98484858708255,65.27641143989635,67.44161392716026,65.27641143989635,62.17779651132715,68.74867880183486,5313.3112,234.4035828241594,0.15142480263728425,2081.3615051774123,1.0122660298998312,4714.502220581043,5185.57966303252,4424.911966570999,4875.315271767766,12.0,11.992516577161387,4000.0,2.0,1.1649754592935377,1.1062279916427498,1.1649754592935377,1.1062279916427498,1.2188288179419415,1.1649754592935377
7,4.0,40.0,180.0,66.67580816796745,2001.2245881534145,66.67580816796745,2001.2245881534145,6821.583577313531,13900.788059348943,93.08746555646928,66.67580816796745,68.76808784828525,66.67580816796745,63.980412407586314,70.19500588711169,5807.1964,274.94480367845074,0.13941202800022515,2001.2245881534145,0.5522315137010005,5489.842373516554,6038.392524471663,5162.213092978517,5686.1059644562065,13.0,12.402386401053652,4000.0,2.0,1.3584539968873566,1.2905532732446292,1.3584539968873564,1.2905532732446292,1.4215264911140517,1.3584539968873566
9,4.0,40.0,175.0,68.95168454864236,1784.3812701581865,68.95168454864236,1784.3812701581865,7054.4932991994865,17874.841573045116,91.95635149928052,68.95168454864236,70.87993050024978,68.95168454864236,66.08888383197457,72.43320142077087,6794.9668,358.06439266309724,0.12316708376070855,1784.3812701581865,1.0053565013220431,7047.952760366554,7752.190748924149,6642.295561208967,7313.514649830223,14.0,13.236229425438246,4000.0,2.0,1.7468182289349068,1.6605738903022418,1.7468182289349066,1.6605738903022418,1.8283786624575558,1.7468182289349068
7,5.0,25.0,180.0,71.5668535131779,1456.9655308689362,71.5668535131779,1456.9655308689362,7321.768318544629,13808.152650901458,93.0381753017071,71.5668535131779,74.0801381197241,71.5668535131779,68.40128275568058,75.65873391584536,6307.1964,283.31034964248084,0.15763470237035557,1456.9655308689362,1.4881165588305316,5476.488449198338,6023.704263627513,5124.927791215987,5646.618911122857,14.0,13.301145860598927,5000.0,2.0,1.3494012050368869,1.2812319478039966,1.3494012050368869,1.2812319478039966,1.411654727780714,1.3494012050368869
9,5.0,25.0,175.0,73.97735943228275,1249.8825351447103,73.97735943228275,1249.8825351447103,7568.458408383969,17769.129113490148,91.80665541890073,73.97735943228275,76.33188396485981,73.97735943228275,70.56139572790141,78.03864747555497,7294.9668,370.99467026072455,0.13738780373324813,1249.8825351447103,2.240903914021922,7034.38500990979,7737.267296235006,6599.009160183225,7268.256391321301,15.0,14.04564976754017,5000.0,2.0,1.7364874827505816,1.6497522900458061,1.7364874827505812,1.6497522900458061,1.8170640978303252,1.7364874827505816
7,6.0,30.0,180.0,75.60090123868494,828.0476062364032,75.60090123868494,828.0476062364032,7734.25163153298,13856.723649238622,93.10855455250942,75.60090123868494,78.04580663404232,75.60090123868494,72.25064952959502,79.57331168433332,6807.1964,289.10300811523575,0.1742682318105336,828.0476062364032,1.3839862640357492,5513.179585066978,6064.061611884428,5144.168200991414,5669.620859011461,15.0,14.269203153926405,6000.0,2.0,1.3541478040456787,1.2860420502478536,1.3541478040456787,1.2860420502478536,1.4174052147528653,1.3541478040456787
9,6.0,30.0,180.0,78.19087553922816,647.4822469895153,78.19087553922816,647.4822469895153,7999.313967090935,17854.000015444777,91.86732550606548,78.19087553922816,80.4565926097724,78.19087553922816,74.6148785592718,82.03716511100335,7794.9668,380.31710352863,0.15011933479957162,647.4822469895153,1.8454752081134702,7088.373752228971,7796.650643851407,6631.6894033077,7306.971400093658,15.0,14.905453021028972,6000.0,2.0,1.7447814884923758,1.657922350826925,1.7447814884923756,1.657922350826925,1.8267428500234146,1.7447814884923758
7,7.0,35.0,180.0,78.83793812993451,81.45017682762409,78.83793812993451,81.45017682762409,8065.1890262872885,13833.362702088129,93.34432963923345,78.83793812993451,80.96914361606224,78.83793812993451,75.78929830053728,82.42623854468371,7307.1964,293.0286799271879,0.19173035331265498,81.45017682762409,0.9210285476910521,5517.625665047005,6068.95194830722,5135.710552113374,5662.11635422289,20.0,19.818722432113795,7000.0,2.0,1.351864856352917,1.2839276380283435,1.351864856352917,1.2839276380283435,1.4155290885557223,1.351864856352917
9,7.0,30.0,180.0,81.44212011670177,-103.04610494986264,81.44212011670177,-103.04610494986264,8331.7067066705,17814.615892525355,92.1701993932363,81.44212011670177,83.3944321523887,81.44212011670176,78.33091986127431,84.86382176325483,8294.9668,386.0867535893877,0.16380565251842344,-103.04610494986264,1.8454752081134702,7088.373752228971,7796.650643851407,6617.347407168467,7292.665560945394,,,7000.0,2.0,1.7409326765426234,1.6543368517921166,1.7409326765426232,1.6543368517921166,1.8231663902363484,1.7409326765426234
8,8.0,35.0,185.0,82.77787101928588,-838.2083256030965,82.77787101928588,-838.2083256030965,8468.06147109807,15790.706005650822,93.03452058993008,82.77787101928588,84.49559566388918,82.77787101928587,80.12698661394144,85.87224044476417,8301.0816,344.00479914662503,0.19140784702292682,-838.2083256030965,1.0242815514603636,6302.352817270949,6932.08976672581,5864.31171825415,6465.868016364033,,,8000.0,2.0,1.543146158006686,1.4660779295635376,1.5431461580066859,1.4660779295635376,1.6164670040910083,1.543146158006686
9,8.0,40.0,180.0,83.93302317921376,-965.7395828179979,83.93302317921376,-965.7395828179979,8586.290165376135,17703.523635828915,92.44241343199664,83.93302317921376,85.66091980885815,83.93302317921378,81.14498646410462,87.09623178597607,8794.9668,390.25767806016853,0.17825745949467364,-965.7395828179979,0.730524766699822,7058.368765949855,7763.647531463567,6575.120574330882,7249.10102341358,,,8000.0,2.0,1.7300761898824284,1.6437801435827204,1.7300761898824284,1.6437801435827204,1.812275255853395,1.7300761898824284
9,9.0,20.0,175.0,85.46984367243576,-1978.3509727111887,85.46984367243576,-1978.3509727111887,8743.241865808935,17395.588851607576,93.20775231417497,85.46984367243576,86.80272034174861,85.46984367243576,83.12761666788941,88.27107998139576,9294.9668,388.62421982997665,0.19491750956924375,-1978.3509727111887,1.7503894337035044,6947.281179868903,7641.459970562225,6462.567939724625,7124.629413075602,,,9000.0,2.0,1.6999832745297059,1.6156419849311563,1.6999832745297063,1.6156419849311563,1.7811573532689007,1.6999832745297059
8,9.0,40.0,175.0,84.7359551025741,-1768.0965556856427,84.7359551025741,-1768.0965556856427,8668.120775872205,15668.926721585707,93.37727848173071,84.7359551025741,86.27632644662184,84.73595510257408,82.35192919874609,87.58912107322338,8801.0816,344.7684793476799,0.20800408106089333,-1768.0965556856427,0.6654785508485052,6264.846898103604,6890.83622126591,5819.530569897547,6418.393949218918,,,9000.0,2.0,1.531245281993756,1.4548826424743868,1.5312452819937563,1.4548826424743868,1.6045984873047296,1.531245281993756
9,10.0,25.0,175.0,87.17011631224165,-2879.7004697402554,87.17011631224165,-2879.7004697402554,8916.922474323992,17599.20272413357,93.44299475768439,87.17011631224165,88.34520000395483,87.17011631224166,85.0145168743915,89.78591117488487,9794.9668,393.8198968868938,0.20613535703218355,-2879.7004697402554,2.0375472144581517,7034.38500990979,7737.267296235006,6540.397745971816,7210.662554678396,,,10000.0,2.0,1.7198814326610088,1.635099436492954,1.719881432661009,1.635099436492954,1.802665638669599,1.7198814326610088
9,10.0,45.0,175.0,87.43693750212323,-2887.120300329527,87.43693750212323,-2887.120300329527,8944.223059128068,17426.418757768522,93.13484094084782,87.43693750212323,88.77665002080256,87.43693750212324,85.17326987079174,90.05250892312813,9794.9668,391.27214842460666,0.20826338888752327,-2887.120300329527,0.4439538046604539,6970.002099622942,7666.45118572967,6474.7487914710255,7141.584313575107,,,10000.0,2.0,1.7029961259644013,1.6186871978677564,1.702996125964401,1.6186871978677564,1.7853960783937768,1.7029961259644013
9,11.0,35.0,175.0,88.65856921904059,-3823.736975449694,88.65856921904059,-3823.736975449694,9068.914774935298,17712.183334568035,93.71504753978562,88.65856921904059,89.74410726802179,88.65856921904057,86.69637307017378,91.07489715340019,10294.9668,396.5258970284751,0.21816641255709515,-3823.736975449694,1.3371349610153112,7084.8054772123805,7792.725823479625,6583.5383511079635,7260.183646850259,,,11000.0,2.0,1.730922458620127,1.645884587776991,1.730922458620127,1.645884587776991,1.8150459117125648,1.730922458620127
9,11.0,35.0,180.0,88.64497918685005,-3819.6391828689048,88.64497918685005,-3819.6391828689048,9067.519261218853,17736.804690322835,93.74694822078196,88.64497918685005,89.73726087501743,88.64497918685005,86.69609941873595,91.07189322538713,10294.9668,396.9571194109863,0.21785403521269497,-3819.6391828689048,1.2645182084931295,7094.090140774721,7802.938219252139,6592.597870849633,7270.330775765542,,,11000.0,2.0,1.733328579696939,1.6481494677124082,1.733328579696939,1.6481494677124082,1.8175826939413855,1.733328579696939
9,12.0,35.0,175.0,89.60882617045415,-4852.509623609654,89.60882617045415,-4852.509623609654,9165.845215784855,17702.69072526202,94.1793097422404,89.60882617045415,90.59309289675481,89.60882617045414,87.41651999696921,91.69543300714088,10794.9668,397.0671564521928,0.23152997481012966,-4852.509623609654,1.3371349610153112,7084.8054772123805,7792.725823479625,6580.206066471447,7257.873584063192,,,12000.0,2.0,1.7299947937282094,1.6450515166178619,1.7299947937282094,1.6450515166178619,1.814468396015798,1.7299947937282094
9,12.0,40.0,175.0,89.66050408091903,-4868.764874144323,89.66050408091903,-4868.764874144323,9171.13807672264,17605.793922218494,94.07329421848948,89.66050408091903,90.48664475966018,89.66050408091903,87.7081499994921,91.7610142059353,10794.9668,395.5282888444193,0.2328473675685351,-4868.764874144323,0.8087618572696638,7047.952760366554,7752.190748924149,6544.794907274095,7218.733226111604,,,12000.0,2.0,1.7205255572490912,1.6361987268185236,1.7205255572490905,1.6361987268185236,1.804683306527901,1.7205255572490912
9,13.0,40.0,175.0,90.38855323207366,-5924.378913451776,90.38855323207366,-5924.378913451776,9245.342107244072,17598.747848703406,94.53384807743976,90.38855323207366,90.30588563453047,90.38855323207368,88.49097823114184,92.24330797289751,11294.9668,396.0513124208272,0.2462447811759627,-5924.378913451776,0.8087618572696638,7047.952760366554,7752.190748924149,6542.67757809141,7216.906434176508,,,13000.0,2.0,1.719836979976488,1.6356693945228526,1.7198369799764879,1.6356693945228526,1.804226608544127,1.719836979976488
9,14.0,40.0,175.0,90.97334115820128,-6997.5961430534335,90.97334115820128,-6997.5961430534335,9304.87753543329,17593.213869318763,94.98727663815274,90.97334115820128,90.34602222742119,90.9733411582013,89.35112109434355,92.7003064263895,11794.9668,396.64792551481935,0.25961304397484525,-6997.5961430534335,0.8087618572696638,7047.952760366554,7752.190748924149,6541.032884878374,7215.0710807755595,,,14000.0,2.0,1.7192961720466304,1.6352582212195934,1.7192961720466304,1.6352582212195934,1.80376777019389,1.7192961720466304
9,15.0,40.0,175.0,91.44622453390231,-8083.208088799733,91.44622453390231,-8083.208088799733,9352.967916095744,17588.62480548977,95.44084156756897,91.44622453390231,90.53566383831983,91.44622453390232,90.0489036658523,93.12248293433562,12294.9668,397.264148389547,0.2729526602019522,-8083.208088799733,0.8087618572696638,7047.952760366554,7752.190748924149,6539.335458005391,7213.298575072844,,,15000.0,2.0,1.7188477059543588,1.6348338645013478,1.7188477059543588,1.6348338645013478,1.8033246437682109,1.7188477059543588
9,16.0,45.0,175.0,91.87802606630918,-9217.275957696987,91.87802606630918,-9217.275957696987,9396.862451603645,17380.979422446726,95.78815398067965,91.87802606630918,91.06081594172898,91.87802606630919,90.52708320553273,93.55156600906031,12794.9668,394.83407568702137,0.2896795989481147,-9217.275957696987,0.4439538046604539,6970.002099622942,7666.45118572967,6461.245753092628,7128.461080095947,,,16000.0,2.0,1.6985555686074898,1.6153114382731568,1.6985555686074902,1.6153114382731568,1.7821152700239868,1.6985555686074898
9,16.0,35.0,175.0,91.75454090708978,-9164.857220814822,91.75454090708978,-9164.857220814822,9384.22296941765,17681.347012755803,96.01319321148091,91.75454090708978,90.87582452759456,91.75454090708976,90.41272857369805,93.42913497715806,12794.9668,399.68029161780777,0.2846523787825551,-9164.857220814822,1.3371349610153112,7084.8054772123805,7792.725823479625,6573.248286974931,7250.488808798892,,,16000.0,2.0,1.727908980216149,1.6433120717437328,1.727908980216149,1.6433120717437328,1.812622202199723,1.727908980216149
9,17.0,35.0,175.0,92.10340009495437,-10262.680483998472,92.10340009495437,-10262.680483998472,9419.641013255632,17677.360525755183,96.46331971574583,92.10340009495437,91.20659542256996,92.10340009495437,90.80512393118256,93.76501180018661,13294.9668,400.1113942419908,0.2978788681899627,-10262.680483998472,1.3371349610153112,7084.8054772123805,7792.725823479625,6571.155137121288,7249.117849264701,,,17000.0,2.0,1.7275194009220527,1.642788784280322,1.7275194009220525,1.642788784280322,1.8122794623161753,1.7275194009220527
9,17.0,45.0,175.0,92.2436749418315,-10314.193284706973,92.2436749418315,-10314.193284706973,9433.976503732303,17376.911136570983,96.21113971779924,92.2436749418315,91.39172254084016,92.2436749418315,90.92195907681038,93.92205363726838,13294.9668,395.31654531803383,0.3031526856981767,-10314.193284706973,0.4439538046604539,6970.002099622942,7666.45118572967,6458.870296303555,7126.957852193457,,,17000.0,2.0,1.6981579955213613,1.6147175740758888,1.6981579955213608,1.6147175740758888,1.7817394630483643,1.6981579955213613
9,18.0,40.0,180.0,92.51626705564883,-11368.177770732687,92.51626705564883,-11368.177770732687,9461.573409766464,17604.271038843242,96.79254814732508,92.51626705564883,91.63483732900383,92.51626705564883,91.24002486484169,94.15002815959792,13794.9668,399.35329979308625,0.31235852672612996,-11368.177770732687,0.730524766699822,7058.368765949855,7763.647531463567,6543.023051304744,7220.251570426943,,,18000.0,2.0,1.7203767335277975,1.6357557628261858,1.7203767335277973,1.6357557628261858,1.8050628926067356,1.7203767335277975
9,19.0,40.0,180.0,92.80978832644088,-12470.260899310666,92.80978832644088,-12470.260899310666,9491.270554962988,17600.985582766,97.21473255362109,92.80978832644088,91.92425878333192,92.80978832644088,91.57013999445324,94.38827722753243,14294.9668,399.6121611899995,0.3256014623808748,-12470.260899310666,0.730524766699822,7058.368765949855,7763.647531463567,6541.345919129472,7219.354846255381,,,19000.0,2.0,1.7200556624546552,1.6353364797823682,1.7200556624546555,1.6353364797823682,1.8048387115638451,1.7200556624546552
9,20.0,45.0,175.0,93.15135563305748,-13619.082361912358,93.15135563305748,-13619.082361912358,9525.9049219655,17366.80033476671,97.45035090794062,93.15135563305748,92.2714432432134,93.15135563305748,91.92864263566788,94.70009022035455,14794.9668,396.0727155737802,0.34344230134966963,-13619.082361912358,0.4439538046604539,6970.002099622942,7666.45118572967,6453.727826138151,7124.104736273858,,,20000.0,2.0,1.697169917790508,1.6134319565345376,1.6971699177905077,1.6134319565345376,1.7810261840684645,1.697169917790508
9,20.0,35.0,175.0,92.94281050120827,-13572.133826544741,92.94281050120827,-13572.133826544741,9504.553875296633,17668.60510849707,97.78952784854084,92.94281050120827,92.02990106583354,92.94281050120826,91.75636698308696,94.45766446985647,14794.9668,401.0539363699593,0.3374065892702255,-13572.133826544741,1.3371349610153112,7084.8054772123805,7792.725823479625,6566.669189293907,7246.253897622865,,,20000.0,2.0,1.7266637780956404,1.6416672973234767,1.7266637780956409,1.6416672973234767,1.8115634744057163,1.7266637780956404
