battery_kwh,storage_cost_per_kwh,npv_savings,payback_year,total_investment,method
5.0,150,8070.89,8,6038.85,repriced
5.0,175,7832.63,8,6163.85,repriced
5.0,200,7594.37,8,6288.85,repriced
5.0,225,7356.11,8,6413.85,repriced
5.0,250,7117.85,9,6538.85,repriced
5.0,275,6879.59,9,6663.85,repriced
5.0,300,6641.33,9,6788.85,repriced
5.0,325,6403.07,9,6913.85,repriced
5.0,350,6164.81,9,7038.85,repriced
5.0,375,5926.55,12,7163.85,repriced
5.0,400,5688.29,12,7288.85,repriced
5.0,425,5450.03,12,7413.85,repriced
5.0,450,5211.77,13,7538.85,repriced
5.0,475,4973.51,13,7663.85,repriced
5.0,500,4735.25,13,7788.85,repriced
5.0,525,4496.99,14,7913.85,repriced
5.0,550,4258.73,14,8038.85,repriced
5.0,575,4020.47,14,8163.85,repriced
5.0,600,3782.21,15,8288.85,repriced
10.0,150,8784.15,8,6788.85,repriced
10.0,175,8307.99,8,7038.85,repriced
10.0,200,7831.84,8,7288.85,repriced
10.0,225,7355.68,9,7538.85,repriced
10.0,250,6879.53,12,7788.85,repriced
10.0,275,6403.37,12,8038.85,repriced
10.0,300,5927.21,13,8288.85,repriced
10.0,325,5451.06,13,8538.85,repriced
10.0,350,4974.9,14,8788.85,repriced
10.0,375,4498.74,15,9038.85,repriced
10.0,400,4022.59,15,9288.85,repriced
10.0,425,3546.43,16,9538.85,repriced
10.0,450,3070.28,16,9788.85,repriced
10.0,475,2594.12,17,10038.85,repriced
10.0,500,2117.96,18,10288.85,repriced
10.0,525,1641.81,18,10538.85,repriced
10.0,550,1165.65,19,10788.85,repriced
10.0,575,689.49,20,11038.85,repriced
10.0,600,213.34,20,11288.85,repriced
