import_price_escalation,peak_price,npv_savings,payback_year,method
0.0,0.18,-528.46,,repriced
0.0,0.231,1467.55,17.0,repriced
0.0,0.28,3385.28,14.0,repriced
0.0,0.33,5342.16,12.0,repriced
0.01,0.18,159.68,20.0,repriced
0.01,0.231,2334.86,16.0,repriced
0.01,0.28,4424.73,13.0,repriced
0.01,0.33,6557.26,9.0,repriced
0.02,0.18,931.03,18.0,repriced
0.02,0.231,3307.08,15.0,repriced
0.02,0.28,5589.95,13.0,repriced
0.02,0.33,7919.41,8.0,repriced
0.03,0.18,1796.49,17.0,repriced
0.03,0.231,4397.97,14.0,repriced
0.03,0.28,6897.43,12.0,repriced
0.03,0.33,9447.9,8.0,repriced
0.04,0.18,2768.4,16.0,repriced
0.04,0.231,5623.11,13.0,repriced
0.04,0.28,8365.86,9.0,repriced
0.04,0.33,11164.58,8.0,repriced
0.05,0.18,3860.75,15.0,repriced
0.05,0.231,7000.11,13.0,repriced
0.05,0.28,10016.36,9.0,repriced
0.05,0.33,13094.17,8.0,repriced
