projection_years,npv_savings,npv_savings_terminal_adjusted,terminal_health_credit_npv,battery_soh_end_pct,battery_replacements,battery_replacement_cost_npv,last_replacement_years,replacement_times_years
6,-2780.46,-2048.74,731.72,79.31,0,0.0,,
7,-2013.53,-1475.55,537.98,76.91,0,0.0,,
8,-1264.12,-909.07,355.05,74.61,0,0.0,,
9,-531.59,-350.05,181.54,72.38,0,0.0,,
10,184.49,200.87,16.38,70.22,0,0.0,,
11,-1327.46,507.68,1835.13,94.52,1,2265.19,10.1096,10.1096
12,-588.09,953.59,1541.68,90.8,1,2265.19,10.1096,10.1096
13,132.88,1426.98,1294.11,87.63,1,2265.19,10.1096,10.1096
14,836.56,1909.57,1073.01,84.76,1,2265.19,10.1096,10.1096
15,1523.91,2394.43,870.52,82.09,1,2265.19,10.1096,10.1096
16,2195.49,2877.89,682.4,79.57,1,2265.19,10.1096,10.1096
17,2852.03,3358.05,506.02,77.17,1,2265.19,10.1096,10.1096
18,3493.85,3833.42,339.56,74.86,1,2265.19,10.1096,10.1096
19,4121.47,4303.22,181.75,72.63,1,2265.19,10.1096,10.1096
20,4735.25,4766.84,31.59,70.46,1,2265.19,10.1096,10.1096
21,3326.9,5023.18,1696.28,94.98,2,4317.41,20.2301,10.1096;20.2301
22,3965.35,5388.91,1423.56,91.17,2,4317.41,20.2301,10.1096;20.2301
23,4587.94,5784.07,1196.13,87.96,2,4317.41,20.2301,10.1096;20.2301
24,5195.73,6189.61,993.87,85.07,2,4317.41,20.2301,10.1096;20.2301
25,5789.59,6598.62,809.03,82.39,2,4317.41,20.2301,10.1096;20.2301
