n_modules,pv_kwp,terminal_replacement,projection_years,npv_savings,npv_savings_terminal_adjusted,terminal_health_credit_npv,battery_soh_end_pct,battery_replacements,battery_replacement_cost_npv,last_replacement_years,replacement_times_years
8,4.4,True,20,4839.32,4903.38,64.06,70.93,1,2262.35,10.2384,10.2384
8,4.4,False,20,4839.32,4903.38,64.06,70.93,1,2262.35,10.2384,10.2384
9,4.95,True,20,4804.76,4849.94,45.18,70.66,1,2263.86,10.1699,10.1699
9,4.95,False,20,4804.76,4849.94,45.18,70.66,1,2263.86,10.1699,10.1699
10,5.5,True,20,4735.25,4766.84,31.59,70.46,1,2265.19,10.1096,10.1096
10,5.5,False,20,4735.25,4766.84,31.59,70.46,1,2265.19,10.1096,10.1096
11,6.05,True,20,4643.04,4661.26,18.21,70.27,1,2266.28,10.0603,10.0603
11,6.05,False,20,4643.04,4661.26,18.21,70.27,1,2266.28,10.0603,10.0603
12,6.6,True,20,4529.67,4537.08,7.41,70.11,1,2267.19,10.0192,10.0192
12,6.6,False,20,4529.67,4537.08,7.41,70.11,1,2267.19,10.0192,10.0192
13,7.15,True,20,2342.74,4379.81,2037.07,99.71,2,4324.92,19.9918,9.9863;19.9918
13,7.15,False,20,2342.74,4379.81,2037.07,99.71,2,4324.92,19.9918,9.9863;19.9918
14,7.7,True,20,2199.84,4199.77,1999.94,99.17,2,4326.4,19.9452,9.9616;19.9452
14,7.7,False,20,2199.84,4199.77,1999.94,99.17,2,4326.4,19.9452,9.9616;19.9452
