model,tilt,azimuth,usable_ac_system_production_kwh,self_consumption_pct,npv_savings
default,30,170,8265.48,23.97,6081.05
default,30,171,8271.04,23.97,6090.03
default,30,172,8276.15,23.97,6098.64
default,30,173,8280.78,23.97,6106.67
default,30,174,8284.88,23.98,6113.94
default,30,175,8288.45,23.98,6120.39
default,30,176,8291.46,23.98,6126.04
default,30,177,8293.93,23.99,6130.87
default,30,178,8295.85,23.99,6134.92
default,30,179,8297.22,23.99,6138.15
default,30,180,8298.05,24.0,6140.52
default,30,181,8298.32,24.0,6142.18
default,30,182,8298.06,24.01,6143.21
default,30,183,8297.27,24.01,6143.55
default,30,184,8295.95,24.01,6143.08
default,30,185,8294.09,24.02,6141.68
default,30,186,8291.73,24.02,6139.25
default,30,187,8288.98,24.03,6136.35
default,30,188,8285.98,24.03,6133.79
default,30,189,8282.6,24.04,6130.78
default,30,190,8278.77,24.05,6127.05
default,30,191,8274.75,24.05,6123.66
default,30,192,8270.79,24.07,6121.9
default,30,193,8266.56,24.08,6120.26
default,30,194,8261.96,24.1,6118.44
default,30,195,8256.97,24.12,6116.56
default,30,196,8251.63,24.14,6114.79
default,30,197,8245.86,24.16,6112.82
default,30,198,8239.77,24.18,6111.05
default,30,199,8233.35,24.21,6109.65
default,30,200,8226.39,24.24,6107.73
default,31,170,8269.79,23.94,6078.05
default,31,171,8275.48,23.94,6087.45
default,31,172,8280.73,23.95,6096.52
default,31,173,8285.49,23.95,6105.09
default,31,174,8289.72,23.95,6112.87
default,31,175,8293.39,23.96,6119.77
default,31,176,8296.5,23.96,6125.86
default,31,177,8299.05,23.96,6131.07
default,31,178,8301.03,23.97,6135.39
default,31,179,8302.45,23.97,6138.78
default,31,180,8303.29,23.98,6141.25
default,31,181,8303.57,23.98,6142.94
default,31,182,8303.29,23.98,6143.95
default,31,183,8302.47,23.99,6144.22
default,31,184,8301.11,23.99,6143.62
default,31,185,8299.21,24.0,6141.92
default,31,186,8296.78,24.0,6139.11
default,31,187,8293.82,24.0,6135.32
default,31,188,8290.59,24.01,6131.73
default,31,189,8287.05,24.01,6128.02
default,31,190,8283.15,24.02,6123.96
default,31,191,8279.3,24.03,6121.33
default,31,192,8275.43,24.04,6119.81
default,31,193,8271.21,24.06,6118.12
default,31,194,8266.65,24.07,6116.67
default,31,195,8261.73,24.09,6115.42
default,31,196,8256.37,24.11,6113.97
default,31,197,8250.79,24.14,6113.11
default,31,198,8244.74,24.16,6112.11
default,31,199,8238.11,24.19,6110.62
default,31,200,8230.93,24.22,6108.59
default,32,170,8272.17,23.92,6073.38
default,32,171,8278.0,23.92,6083.3
default,32,172,8283.38,23.92,6092.8
default,32,173,8288.27,23.93,6101.87
default,32,174,8292.63,23.93,6110.22
default,32,175,8296.41,23.94,6117.63
default,32,176,8299.61,23.94,6124.19
default,32,177,8302.23,23.94,6129.81
default,32,178,8304.28,23.95,6134.43
default,32,179,8305.74,23.95,6138.03
default,32,180,8306.6,23.96,6140.62
default,32,181,8306.89,23.96,6142.33
default,32,182,8306.61,23.97,6143.27
default,32,183,8305.76,23.97,6143.43
default,32,184,8304.36,23.98,6142.59
default,32,185,8302.39,23.98,6140.53
default,32,186,8299.89,23.98,6137.38
default,32,187,8296.85,23.98,6133.15
default,32,188,8293.33,23.98,6128.19
default,32,189,8289.6,23.99,6123.59
default,32,190,8285.93,23.99,6120.45
default,32,191,8282.18,24.01,6118.1
default,32,192,8278.31,24.02,6116.48
default,32,193,8274.13,24.03,6115.16
default,32,194,8269.65,24.05,6114.35
default,32,195,8264.75,24.07,6113.48
default,32,196,8259.66,24.1,6113.45
default,32,197,8254.0,24.12,6112.94
default,32,198,8247.75,24.15,6111.86
default,32,199,8240.92,24.18,6110.26
default,32,200,8233.53,24.21,6108.14
default,33,170,8272.62,23.9,6066.84
default,33,171,8278.6,23.9,6077.47
default,33,172,8284.1,23.9,6087.5
default,33,173,8289.12,23.91,6097.06
default,33,174,8293.6,23.92,6105.95
default,33,175,8297.49,23.92,6113.92
default,33,176,8300.79,23.93,6120.99
default,33,177,8303.48,23.93,6127.05
default,33,178,8305.58,23.94,6132.01
default,33,179,8307.09,23.94,6135.86
default,33,180,8308.0,23.95,6138.58
default,33,181,8308.3,23.95,6140.31
default,33,182,8308.0,23.96,6141.16
default,33,183,8307.13,23.96,6141.14
default,33,184,8305.68,23.96,6139.96
default,33,185,8303.65,23.97,6137.54
default,33,186,8301.09,23.97,6134.01
default,33,187,8297.95,23.97,6129.26
default,33,188,8294.25,23.97,6123.37
default,33,189,8290.54,23.97,6118.72
default,33,190,8287.02,23.98,6116.06
default,33,191,8283.3,23.99,6113.73
default,33,192,8279.46,24.0,6112.38
default,33,193,8275.35,24.02,6111.66
default,33,194,8270.95,24.04,6111.38
default,33,195,8266.33,24.06,6111.98
default,33,196,8261.1,24.09,6112.02
default,33,197,8255.27,24.11,6111.46
default,33,198,8248.83,24.14,6110.3
default,33,199,8241.8,24.17,6108.59
default,33,200,8234.18,24.2,6106.39
default,34,170,8271.17,23.88,6058.25
default,34,171,8277.28,23.89,6069.8
default,34,172,8282.89,23.89,6080.54
default,34,173,8288.04,23.9,6090.69
default,34,174,8292.64,23.9,6100.08
default,34,175,8296.64,23.91,6108.61
default,34,176,8300.02,23.92,6116.22
default,34,177,8302.79,23.92,6122.78
default,34,178,8304.96,23.93,6128.1
default,34,179,8306.51,23.93,6132.22
default,34,180,8307.46,23.94,6135.12
default,34,181,8307.78,23.94,6136.86
default,34,182,8307.48,23.95,6137.58
default,34,183,8306.57,23.95,6137.27
default,34,184,8305.06,23.95,6135.74
default,34,185,8302.99,23.96,6132.92
default,34,186,8300.36,23.96,6128.93
default,34,187,8297.14,23.95,6123.66
default,34,188,8293.46,23.95,6117.66
default,34,189,8289.89,23.96,6113.33
default,34,190,8286.37,23.96,6110.53
default,34,191,8282.71,23.97,6108.62
default,34,192,8278.9,23.99,6107.73
default,34,193,8274.92,24.01,6107.7
default,34,194,8270.75,24.03,6108.7
default,34,195,8266.0,24.05,6109.28
default,34,196,8260.61,24.08,6109.28
default,34,197,8254.61,24.11,6108.67
default,34,198,8248.0,24.14,6107.42
default,34,199,8240.76,24.17,6105.62
default,34,200,8232.92,24.2,6103.32
default,35,170,8267.82,23.87,6047.68
default,35,171,8274.04,23.87,6060.06
default,35,172,8279.76,23.88,6071.76
default,35,173,8285.02,23.89,6082.67
default,35,174,8289.73,23.9,6092.68
default,35,175,8293.84,23.9,6101.71
default,35,176,8297.32,23.91,6109.87
default,35,177,8300.18,23.92,6116.94
default,35,178,8302.4,23.93,6122.68
default,35,179,8304.0,23.93,6127.1
default,35,180,8304.97,23.94,6130.18
default,35,181,8305.3,23.94,6131.92
default,35,182,8304.99,23.95,6132.45
default,35,183,8304.06,23.95,6131.82
default,35,184,8302.52,23.95,6129.87
default,35,185,8300.41,23.95,6126.63
default,35,186,8297.72,23.95,6122.15
default,35,187,8294.44,23.95,6116.34
default,35,188,8291.11,23.95,6111.58
default,35,189,8287.54,23.95,6107.13
default,35,190,8283.98,23.96,6104.26
default,35,191,8280.39,23.97,6102.86
default,35,192,8276.75,23.98,6102.82
default,35,193,8272.94,24.01,6103.83
default,35,194,8268.63,24.03,6104.72
default,35,195,8263.74,24.05,6105.28
default,35,196,8258.21,24.08,6105.24
default,35,197,8252.04,24.11,6104.57
default,35,198,8245.24,24.14,6103.25
default,35,199,8237.81,24.17,6101.36
default,35,200,8229.75,24.2,6098.94
default,36,170,8262.53,23.85,6035.4
default,36,171,8268.88,23.86,6048.37
default,36,172,8274.72,23.87,6060.94
default,36,173,8280.07,23.88,6072.85
default,36,174,8284.9,23.89,6083.66
default,36,175,8289.11,23.9,6093.28
default,36,176,8292.68,23.91,6101.93
default,36,177,8295.61,23.92,6109.51
default,36,178,8297.9,23.93,6115.7
default,36,179,8299.54,23.93,6120.44
default,36,180,8300.52,23.94,6123.72
default,36,181,8300.86,23.94,6125.45
default,36,182,8300.54,23.95,6125.75
default,36,183,8299.59,23.95,6124.76
default,36,184,8298.02,23.95,6122.34
default,36,185,8295.87,23.95,6118.67
default,36,186,8293.11,23.95,6113.58
default,36,187,8290.11,23.94,6108.6
default,36,188,8286.98,23.95,6104.47
default,36,189,8283.52,23.95,6100.46
default,36,190,8279.88,23.95,6097.35
default,36,191,8276.48,23.97,6096.85
default,36,192,8273.03,23.99,6097.94
default,36,193,8269.06,24.01,6098.71
default,36,194,8264.58,24.03,6099.45
default,36,195,8259.56,24.06,6099.99
default,36,196,8253.88,24.08,6099.91
default,36,197,8247.54,24.11,6099.16
default,36,198,8240.55,24.14,6097.77
default,36,199,8232.92,24.17,6095.8
default,36,200,8224.65,24.2,6093.26
default,37,170,8255.3,23.85,6021.55
default,37,171,8261.78,23.86,6034.99
default,37,172,8267.74,23.87,6048.19
default,37,173,8273.2,23.88,6061.0
default,37,174,8278.15,23.89,6072.88
default,37,175,8282.46,23.9,6083.28
default,37,176,8286.11,23.91,6092.44
default,37,177,8289.11,23.92,6100.47
default,37,178,8291.45,23.93,6107.13
default,37,179,8293.12,23.94,6112.21
default,37,180,8294.13,23.94,6115.68
default,37,181,8294.47,23.95,6117.38
default,37,182,8294.14,23.95,6117.46
default,37,183,8293.17,23.95,6116.01
default,37,184,8291.56,23.95,6113.14
default,37,185,8289.36,23.95,6108.94
default,37,186,8286.73,23.95,6103.94
default,37,187,8284.04,23.95,6099.97
default,37,188,8281.06,23.95,6096.4
default,37,189,8277.7,23.95,6092.91
default,37,190,8274.19,23.96,6090.38
default,37,191,8270.97,23.98,6090.88
default,37,192,8267.39,24.0,6091.83
default,37,193,8263.24,24.02,6092.38
default,37,194,8258.6,24.04,6092.92
default,37,195,8253.43,24.07,6093.41
default,37,196,8247.59,24.09,6093.26
default,37,197,8241.08,24.12,6092.46
default,37,198,8233.92,24.15,6091.0
default,37,199,8226.1,24.18,6088.93
default,37,200,8217.63,24.22,6086.26
default,38,170,8246.19,23.84,6006.44
default,38,171,8252.75,23.85,6020.06
default,38,172,8258.81,23.87,6033.71
default,38,173,8264.37,23.88,6047.19
default,38,174,8269.44,23.9,6060.12
default,38,175,8273.86,23.91,6071.57
default,38,176,8277.61,23.92,6081.4
default,38,177,8280.68,23.93,6089.84
default,38,178,8283.07,23.94,6096.92
default,38,179,8284.77,23.95,6102.35
default,38,180,8285.78,23.96,6105.97
default,38,181,8286.12,23.96,6107.68
default,38,182,8285.77,23.96,6107.47
default,38,183,8284.78,23.96,6105.56
default,38,184,8283.15,23.96,6102.21
default,38,185,8280.94,23.96,6097.46
default,38,186,8278.7,23.96,6093.75
default,38,187,8276.2,23.96,6090.49
default,38,188,8273.32,23.96,6087.36
default,38,189,8270.21,23.96,6084.91
default,38,190,8267.02,23.97,6083.89
default,38,191,8263.56,23.99,6083.75
default,38,192,8259.81,24.01,6084.45
default,38,193,8255.52,24.03,6084.89
default,38,194,8250.68,24.05,6085.17
default,38,195,8245.36,24.08,6085.54
default,38,196,8239.36,24.11,6085.33
default,38,197,8232.69,24.14,6084.46
default,38,198,8225.35,24.17,6082.94
default,38,199,8217.34,24.2,6080.77
default,38,200,8208.66,24.23,6077.94
default,39,170,8235.55,23.84,5991.67
default,39,171,8241.81,23.85,6003.72
default,39,172,8247.97,23.87,6017.66
default,39,173,8253.61,23.88,6031.62
default,39,174,8258.77,23.9,6045.37
default,39,175,8263.3,23.92,6057.96
default,39,176,8267.14,23.93,6068.7
default,39,177,8270.27,23.94,6077.65
default,39,178,8272.7,23.96,6085.07
default,39,179,8274.45,23.96,6090.78
default,39,180,8275.48,23.97,6094.58
default,39,181,8275.83,23.97,6096.27
default,39,182,8275.48,23.98,6095.72
default,39,183,8274.46,23.97,6093.43
default,39,184,8272.8,23.97,6089.44
default,39,185,8270.93,23.97,6085.68
default,39,186,8268.9,23.97,6082.65
default,39,187,8266.54,23.97,6079.99
default,39,188,8263.84,23.97,6077.58
default,39,189,8261.18,23.98,6077.17
default,39,190,8257.94,23.99,6076.25
default,39,191,8254.24,24.01,6075.49
default,39,192,8250.3,24.03,6075.88
default,39,193,8245.85,24.05,6076.19
default,39,194,8240.82,24.07,6076.17
default,39,195,8235.34,24.1,6076.39
default,39,196,8229.19,24.13,6076.11
default,39,197,8222.36,24.16,6075.18
default,39,198,8214.85,24.19,6073.58
default,39,199,8206.65,24.22,6071.3
default,39,200,8197.76,24.25,6068.29
default,40,170,8223.35,23.86,5977.11
default,40,171,8229.2,23.86,5987.15
default,40,172,8235.18,23.87,6000.2
default,40,173,8240.9,23.89,6014.46
default,40,174,8246.13,23.91,6028.81
default,40,175,8250.75,23.93,6042.33
default,40,176,8254.65,23.95,6054.16
default,40,177,8257.86,23.96,6063.83
default,40,178,8260.36,23.97,6071.57
default,40,179,8262.15,23.98,6077.51
default,40,180,8263.23,23.99,6081.44
default,40,181,8263.6,23.99,6083.03
default,40,182,8263.25,23.99,6082.24
default,40,183,8262.22,23.99,6079.44
default,40,184,8260.7,23.99,6075.56
default,40,185,8259.18,23.98,6072.99
default,40,186,8257.3,23.99,6070.63
default,40,187,8255.07,23.99,6068.49
default,40,188,8252.86,24.0,6068.25
default,40,189,8250.23,24.01,6068.19
default,40,190,8246.92,24.02,6067.33
default,40,191,8243.01,24.03,6066.14
default,40,192,8238.87,24.05,6066.14
default,40,193,8234.26,24.07,6066.26
default,40,194,8229.06,24.1,6065.99
default,40,195,8223.38,24.12,6065.95
default,40,196,8217.09,24.15,6065.61
default,40,197,8210.1,24.18,6064.61
default,40,198,8202.41,24.21,6062.93
default,40,199,8194.02,24.25,6060.51
default,40,200,8184.94,24.28,6057.31
default,41,170,8209.38,23.88,5962.15
default,41,171,8215.03,23.88,5970.99
default,41,172,8220.55,23.89,5981.79
default,41,173,8226.24,23.9,5995.84
default,41,174,8231.55,23.92,6010.6
default,41,175,8236.26,23.95,6024.86
default,41,176,8240.25,23.97,6037.62
default,41,177,8243.52,23.98,6048.2
default,41,178,8246.08,23.99,6056.39
default,41,179,8247.92,24.01,6062.49
default,41,180,8249.03,24.01,6066.48
default,41,181,8249.41,24.01,6067.94
default,41,182,8249.07,24.01,6066.88
default,41,183,8248.03,24.01,6063.58
default,41,184,8246.96,24.01,6061.28
default,41,185,8245.6,24.01,6059.33
default,41,186,8243.86,24.01,6057.51
default,41,187,8242.03,24.01,6057.11
default,41,188,8240.04,24.02,6057.93
default,41,189,8237.35,24.04,6057.92
default,41,190,8233.95,24.05,6057.11
default,41,191,8229.93,24.06,6055.89
default,41,192,8225.54,24.08,6055.25
default,41,193,8220.75,24.1,6055.08
default,41,194,8215.39,24.13,6054.64
default,41,195,8209.5,24.15,6054.22
default,41,196,8203.07,24.18,6053.83
default,41,197,8195.93,24.21,6052.76
default,41,198,8188.07,24.25,6050.97
default,41,199,8179.49,24.28,6048.41
default,41,200,8170.2,24.31,6044.97
default,42,170,8193.75,23.9,5947.0
default,42,171,8199.16,23.9,5954.55
default,42,172,8204.42,23.91,5963.97
default,42,173,8209.67,23.92,5975.9
default,42,174,8215.05,23.94,5990.89
default,42,175,8219.86,23.96,6005.69
default,42,176,8223.94,23.99,6019.15
default,42,177,8227.28,24.01,6030.59
default,42,178,8229.88,24.02,6039.4
default,42,179,8231.76,24.03,6045.73
default,42,180,8232.89,24.04,6049.64
default,42,181,8233.28,24.04,6050.98
default,42,182,8232.93,24.04,6049.53
default,42,183,8232.17,24.03,6047.19
default,42,184,8231.35,24.03,6045.93
default,42,185,8230.13,24.03,6044.52
default,42,186,8228.69,24.04,6043.9
default,42,187,8227.28,24.05,6045.38
default,42,188,8225.25,24.06,6046.32
default,42,189,8222.5,24.07,6046.37
default,42,190,8219.04,24.08,6045.63
default,42,191,8214.94,24.1,6044.44
default,42,192,8210.31,24.12,6043.21
default,42,193,8205.35,24.14,6042.74
default,42,194,8199.82,24.16,6042.11
default,42,195,8193.7,24.19,6041.24
default,42,196,8187.13,24.22,6040.76
default,42,197,8179.84,24.25,6039.61
default,42,198,8171.81,24.28,6037.72
default,42,199,8163.04,24.32,6034.98
default,42,200,8153.56,24.35,6031.29
default,43,170,8176.54,23.94,5931.93
default,43,171,8181.62,23.93,5937.85
default,43,172,8186.63,23.93,5945.95
default,43,173,8191.52,23.94,5956.05
default,43,174,8196.64,23.96,5969.77
default,43,175,8201.54,23.99,5984.97
default,43,176,8205.71,24.01,5998.9
default,43,177,8209.12,24.03,6010.9
default,43,178,8211.78,24.05,6020.41
default,43,179,8213.68,24.06,6027.1
default,43,180,8214.83,24.07,6030.95
default,43,181,8215.21,24.07,6032.03
default,43,182,8214.93,24.07,6030.6
default,43,183,8214.57,24.07,6029.98
default,43,184,8213.9,24.06,6029.48
default,43,185,8212.89,24.07,6028.89
default,43,186,8211.91,24.07,6030.38
default,43,187,8210.56,24.09,6032.35
default,43,188,8208.49,24.1,6033.42
default,43,189,8205.69,24.11,6033.53
default,43,190,8202.17,24.12,6032.86
default,43,191,8197.99,24.14,6031.71
default,43,192,8193.16,24.16,6030.03
default,43,193,8188.01,24.18,6029.22
default,43,194,8182.3,24.2,6028.34
default,43,195,8175.98,24.23,6027.09
default,43,196,8169.24,24.26,6026.42
default,43,197,8161.79,24.29,6025.17
default,43,198,8153.59,24.32,6023.15
default,43,199,8144.65,24.36,6020.21
default,43,200,8134.96,24.39,6016.28
default,44,170,8157.91,23.98,5917.7
default,44,171,8162.47,23.97,5921.05
default,44,172,8167.17,23.97,5927.59
default,44,173,8171.81,23.97,5936.42
default,44,174,8176.45,23.99,5947.84
default,44,175,8181.32,24.01,5962.78
default,44,176,8185.55,24.04,5976.98
default,44,177,8189.02,24.06,5989.27
default,44,178,8191.74,24.08,5999.31
default,44,179,8193.68,24.09,6006.45
default,44,180,8194.84,24.1,6010.31
default,44,181,8195.22,24.1,6011.05
default,44,182,8195.29,24.1,6011.09
default,44,183,8195.15,24.1,6011.51
default,44,184,8194.62,24.1,6011.78
default,44,185,8193.95,24.11,6012.94
default,44,186,8193.28,24.12,6015.89
default,44,187,8191.9,24.13,6018.02
default,44,188,8189.81,24.14,6019.23
default,44,189,8186.95,24.15,6019.41
default,44,190,8183.36,24.17,6018.81
default,44,191,8179.11,24.19,6017.7
default,44,192,8174.12,24.2,6015.78
default,44,193,8168.76,24.22,6014.55
default,44,194,8162.86,24.25,6013.34
default,44,195,8156.36,24.27,6011.82
default,44,196,8149.42,24.3,6010.79
default,44,197,8141.82,24.34,6009.44
default,44,198,8133.45,24.37,6007.27
default,44,199,8124.33,24.41,6004.11
default,44,200,8114.45,24.44,5999.94
perez_marion,30,170,8444.89,23.14,6074.24
perez_marion,30,171,8452.52,23.13,6083.99
perez_marion,30,172,8459.7,23.13,6094.0
perez_marion,30,173,8466.48,23.13,6104.43
perez_marion,30,174,8472.84,23.13,6115.16
perez_marion,30,175,8478.74,23.14,6125.97
perez_marion,30,176,8484.16,23.14,6136.5
perez_marion,30,177,8489.11,23.15,6146.37
perez_marion,30,178,8493.58,23.16,6155.31
perez_marion,30,179,8497.57,23.16,6163.68
perez_marion,30,180,8501.01,23.17,6171.34
perez_marion,30,181,8503.88,23.18,6178.2
perez_marion,30,182,8506.16,23.18,6184.09
perez_marion,30,183,8507.87,23.19,6188.92
perez_marion,30,184,8508.99,23.19,6192.6
perez_marion,30,185,8509.53,23.2,6195.17
perez_marion,30,186,8509.51,23.2,6196.71
perez_marion,30,187,8509.01,23.21,6197.51
perez_marion,30,188,8508.01,23.22,6197.62
perez_marion,30,189,8506.49,23.22,6197.21
perez_marion,30,190,8504.48,23.23,6196.27
perez_marion,30,191,8501.98,23.24,6194.68
perez_marion,30,192,8498.99,23.24,6192.36
perez_marion,30,193,8495.5,23.25,6189.4
perez_marion,30,194,8491.54,23.26,6185.88
perez_marion,30,195,8487.07,23.27,6181.93
perez_marion,30,196,8482.11,23.28,6177.55
perez_marion,30,197,8476.67,23.28,6172.82
perez_marion,30,198,8470.72,23.3,6167.73
perez_marion,30,199,8464.28,23.31,6162.41
perez_marion,30,200,8457.35,23.32,6156.99
perez_marion,31,170,8457.12,23.08,6073.78
perez_marion,31,171,8464.94,23.07,6083.59
perez_marion,31,172,8472.3,23.07,6093.81
perez_marion,31,173,8479.27,23.07,6104.53
perez_marion,31,174,8485.82,23.08,6115.61
perez_marion,31,175,8491.91,23.08,6126.85
perez_marion,31,176,8497.52,23.09,6138.1
perez_marion,31,177,8502.63,23.1,6148.91
perez_marion,31,178,8507.27,23.11,6159.01
perez_marion,31,179,8511.37,23.11,6168.06
perez_marion,31,180,8514.9,23.12,6176.09
perez_marion,31,181,8517.84,23.13,6183.26
perez_marion,31,182,8520.18,23.14,6189.49
perez_marion,31,183,8521.94,23.14,6194.61
perez_marion,31,184,8523.1,23.15,6198.5
perez_marion,31,185,8523.66,23.16,6201.15
perez_marion,31,186,8523.63,23.16,6202.49
perez_marion,31,187,8523.06,23.17,6202.77
perez_marion,31,188,8522.01,23.17,6202.48
perez_marion,31,189,8520.44,23.18,6201.64
perez_marion,31,190,8518.37,23.18,6200.21
perez_marion,31,191,8515.81,23.19,6198.04
perez_marion,31,192,8512.75,23.19,6195.17
perez_marion,31,193,8509.2,23.2,6191.88
perez_marion,31,194,8505.15,23.21,6188.29
perez_marion,31,195,8500.62,23.21,6184.34
perez_marion,31,196,8495.59,23.22,6179.98
perez_marion,31,197,8490.07,23.23,6175.23
perez_marion,31,198,8484.05,23.24,6170.15
perez_marion,31,199,8477.52,23.26,6164.94
perez_marion,31,200,8470.5,23.27,6159.73
perez_marion,32,170,8467.27,23.03,6072.22
perez_marion,32,171,8475.25,23.02,6082.06
perez_marion,32,172,8482.81,23.02,6092.46
perez_marion,32,173,8489.96,23.02,6103.42
perez_marion,32,174,8496.68,23.03,6114.74
perez_marion,32,175,8502.94,23.03,6126.32
perez_marion,32,176,8508.73,23.04,6138.06
perez_marion,32,177,8514.02,23.05,6149.71
perez_marion,32,178,8518.8,23.06,6160.82
perez_marion,32,179,8523.0,23.07,6170.66
perez_marion,32,180,8526.61,23.08,6179.18
perez_marion,32,181,8529.62,23.09,6186.62
perez_marion,32,182,8532.02,23.1,6193.13
perez_marion,32,183,8533.83,23.11,6198.54
perez_marion,32,184,8535.02,23.11,6202.6
perez_marion,32,185,8535.61,23.12,6205.33
perez_marion,32,186,8535.59,23.12,6206.54
perez_marion,32,187,8534.97,23.12,6206.4
perez_marion,32,188,8533.85,23.13,6205.65
perez_marion,32,189,8532.23,23.13,6204.36
perez_marion,32,190,8530.11,23.14,6202.3
perez_marion,32,191,8527.48,23.14,6199.54
perez_marion,32,192,8524.36,23.15,6196.33
perez_marion,32,193,8520.76,23.15,6192.94
perez_marion,32,194,8516.67,23.16,6189.36
perez_marion,32,195,8512.07,23.17,6185.44
perez_marion,32,196,8506.98,23.17,6181.13
perez_marion,32,197,8501.38,23.18,6176.44
perez_marion,32,198,8495.29,23.2,6171.49
perez_marion,32,199,8488.71,23.21,6166.52
perez_marion,32,200,8481.65,23.23,6161.69
perez_marion,33,170,8475.35,22.98,6069.64
perez_marion,33,171,8483.47,22.98,6079.45
perez_marion,33,172,8491.21,22.98,6090.01
perez_marion,33,173,8498.54,22.98,6101.12
perez_marion,33,174,8505.43,22.98,6112.62
perez_marion,33,175,8511.86,22.99,6124.46
perez_marion,33,176,8517.8,23.0,6136.62
perez_marion,33,177,8523.27,23.01,6148.9
perez_marion,33,178,8528.17,23.02,6160.66
perez_marion,33,179,8532.46,23.03,6171.36
perez_marion,33,180,8536.14,23.04,6180.53
perez_marion,33,181,8539.23,23.05,6188.31
perez_marion,33,182,8541.68,23.06,6195.03
perez_marion,33,183,8543.53,23.07,6200.67
perez_marion,33,184,8544.77,23.08,6204.92
perez_marion,33,185,8545.39,23.08,6207.65
perez_marion,33,186,8545.37,23.09,6208.78
perez_marion,33,187,8544.75,23.09,6208.42
perez_marion,33,188,8543.57,23.09,6207.11
perez_marion,33,189,8541.9,23.09,6205.21
perez_marion,33,190,8539.72,23.1,6202.57
perez_marion,33,191,8537.04,23.1,6199.45
perez_marion,33,192,8533.87,23.1,6196.12
perez_marion,33,193,8530.22,23.11,6192.69
perez_marion,33,194,8526.08,23.12,6189.13
perez_marion,33,195,8521.45,23.12,6185.28
perez_marion,33,196,8516.31,23.13,6181.09
perez_marion,33,197,8510.64,23.14,6176.57
perez_marion,33,198,8504.5,23.16,6171.88
perez_marion,33,199,8497.89,23.17,6167.29
perez_marion,33,200,8490.87,23.19,6163.21
perez_marion,34,170,8481.38,22.95,6066.08
perez_marion,34,171,8489.65,22.94,6075.86
perez_marion,34,172,8497.55,22.94,6086.49
perez_marion,34,173,8505.03,22.94,6097.66
perez_marion,34,174,8512.08,22.94,6109.29
perez_marion,34,175,8518.67,22.95,6121.38
perez_marion,34,176,8524.8,22.96,6133.92
perez_marion,34,177,8530.39,22.97,6146.5
perez_marion,34,178,8535.39,22.99,6158.69
perez_marion,34,179,8539.76,23.0,6170.08
perez_marion,34,180,8543.53,23.01,6180.03
perez_marion,34,181,8546.68,23.02,6188.29
perez_marion,34,182,8549.19,23.03,6195.2
perez_marion,34,183,8551.09,23.04,6200.99
perez_marion,34,184,8552.35,23.05,6205.38
perez_marion,34,185,8552.99,23.05,6208.12
perez_marion,34,186,8553.01,23.05,6209.18
perez_marion,34,187,8552.4,23.06,6208.65
perez_marion,34,188,8551.18,23.06,6206.78
perez_marion,34,189,8549.45,23.06,6204.22
perez_marion,34,190,8547.24,23.06,6201.24
perez_marion,34,191,8544.51,23.06,6198.0
perez_marion,34,192,8541.3,23.07,6194.62
perez_marion,34,193,8537.6,23.07,6191.13
perez_marion,34,194,8533.44,23.08,6187.64
perez_marion,34,195,8528.78,23.09,6183.96
perez_marion,34,196,8523.58,23.1,6179.97
perez_marion,34,197,8517.89,23.11,6175.74
perez_marion,34,198,8511.74,23.12,6171.46
perez_marion,34,199,8505.17,23.14,6167.64
perez_marion,34,200,8498.12,23.16,6164.07
perez_marion,35,170,8485.39,22.91,6061.59
perez_marion,35,171,8493.8,22.91,6071.33
perez_marion,35,172,8501.84,22.9,6081.93
perez_marion,35,173,8509.46,22.9,6093.08
perez_marion,35,174,8516.66,22.91,6104.81
perez_marion,35,175,8523.4,22.91,6117.11
perez_marion,35,176,8529.68,22.93,6129.9
perez_marion,35,177,8535.36,22.94,6142.62
perez_marion,35,178,8540.45,22.96,6155.04
perez_marion,35,179,8544.92,22.97,6166.91
perez_marion,35,180,8548.76,22.98,6177.58
perez_marion,35,181,8551.97,22.99,6186.45
perez_marion,35,182,8554.55,23.0,6193.62
perez_marion,35,183,8556.49,23.01,6199.51
perez_marion,35,184,8557.8,23.02,6203.97
perez_marion,35,185,8558.47,23.03,6206.73
perez_marion,35,186,8558.52,23.03,6207.72
perez_marion,35,187,8557.94,23.03,6206.94
perez_marion,35,188,8556.7,23.03,6204.66
perez_marion,35,189,8554.91,23.03,6201.62
perez_marion,35,190,8552.64,23.03,6198.52
perez_marion,35,191,8549.88,23.03,6195.26
perez_marion,35,192,8546.63,23.03,6191.82
perez_marion,35,193,8542.9,23.04,6188.35
perez_marion,35,194,8538.71,23.05,6185.0
perez_marion,35,195,8534.02,23.06,6181.56
perez_marion,35,196,8528.82,23.07,6177.87
perez_marion,35,197,8523.13,23.08,6174.06
perez_marion,35,198,8517.03,23.1,6170.6
perez_marion,35,199,8510.44,23.12,6167.32
perez_marion,35,200,8503.33,23.14,6164.19
perez_marion,36,170,8487.36,22.89,6056.21
perez_marion,36,171,8495.92,22.88,6065.87
perez_marion,36,172,8504.09,22.88,6076.36
perez_marion,36,173,8511.84,22.88,6087.44
perez_marion,36,174,8519.17,22.88,6099.22
perez_marion,36,175,8526.05,22.89,6111.76
perez_marion,36,176,8532.42,22.9,6124.55
perez_marion,36,177,8538.19,22.91,6137.3
perez_marion,36,178,8543.37,22.93,6149.87
perez_marion,36,179,8547.93,22.94,6161.98
perez_marion,36,180,8551.84,22.96,6173.14
perez_marion,36,181,8555.13,22.97,6182.68
perez_marion,36,182,8557.76,22.98,6190.23
perez_marion,36,183,8559.75,22.99,6196.2
perez_marion,36,184,8561.1,23.0,6200.69
perez_marion,36,185,8561.82,23.0,6203.43
perez_marion,36,186,8561.89,23.01,6204.31
perez_marion,36,187,8561.31,23.01,6203.23
perez_marion,36,188,8560.1,23.0,6200.78
perez_marion,36,189,8558.27,23.0,6197.64
perez_marion,36,190,8555.94,23.0,6194.47
perez_marion,36,191,8553.15,23.0,6191.21
perez_marion,36,192,8549.87,23.01,6187.8
perez_marion,36,193,8546.12,23.01,6184.43
perez_marion,36,194,8541.91,23.02,6181.3
perez_marion,36,195,8537.21,23.03,6178.17
perez_marion,36,196,8532.01,23.04,6174.89
perez_marion,36,197,8526.41,23.06,6171.91
perez_marion,36,198,8520.33,23.08,6169.04
perez_marion,36,199,8513.7,23.1,6166.22
perez_marion,36,200,8506.55,23.12,6163.5
perez_marion,37,170,8487.3,22.87,6049.98
perez_marion,37,171,8495.99,22.86,6059.49
perez_marion,37,172,8504.29,22.85,6069.81
perez_marion,37,173,8512.16,22.85,6080.78
perez_marion,37,174,8519.6,22.86,6092.59
perez_marion,37,175,8526.6,22.86,6105.18
perez_marion,37,176,8533.04,22.88,6117.9
perez_marion,37,177,8538.9,22.89,6130.62
perez_marion,37,178,8544.16,22.9,6143.23
perez_marion,37,179,8548.79,22.92,6155.44
perez_marion,37,180,8552.78,22.94,6166.81
perez_marion,37,181,8556.13,22.95,6176.86
perez_marion,37,182,8558.82,22.96,6184.94
perez_marion,37,183,8560.86,22.97,6191.06
perez_marion,37,184,8562.26,22.98,6195.52
perez_marion,37,185,8563.01,22.99,6198.2
perez_marion,37,186,8563.1,22.99,6198.86
perez_marion,37,187,8562.54,22.98,6197.65
perez_marion,37,188,8561.35,22.98,6195.36
perez_marion,37,189,8559.53,22.98,6192.4
perez_marion,37,190,8557.16,22.98,6189.12
perez_marion,37,191,8554.35,22.98,6185.91
perez_marion,37,192,8551.05,22.99,6182.65
perez_marion,37,193,8547.27,22.99,6179.48
perez_marion,37,194,8543.04,23.0,6176.61
perez_marion,37,195,8538.35,23.01,6173.88
perez_marion,37,196,8533.28,23.03,6171.41
perez_marion,37,197,8527.73,23.05,6169.06
perez_marion,37,198,8521.63,23.07,6166.7
perez_marion,37,199,8514.97,23.09,6164.29
perez_marion,37,200,8507.79,23.11,6161.98
perez_marion,38,170,8485.26,22.86,6043.02
perez_marion,38,171,8494.04,22.85,6052.23
perez_marion,38,172,8502.43,22.84,6062.31
perez_marion,38,173,8510.39,22.84,6073.13
perez_marion,38,174,8517.97,22.84,6084.96
perez_marion,38,175,8525.04,22.85,6097.4
perez_marion,38,176,8531.55,22.86,6109.99
perez_marion,38,177,8537.48,22.87,6122.62
perez_marion,38,178,8542.81,22.89,6135.17
perez_marion,38,179,8547.5,22.9,6147.35
perez_marion,38,180,8551.57,22.92,6158.75
perez_marion,38,181,8554.97,22.94,6169.02
perez_marion,38,182,8557.71,22.95,6177.63
perez_marion,38,183,8559.8,22.96,6184.05
perez_marion,38,184,8561.25,22.97,6188.44
perez_marion,38,185,8562.04,22.97,6190.94
perez_marion,38,186,8562.16,22.97,6191.45
perez_marion,38,187,8561.63,22.97,6190.44
perez_marion,38,188,8560.47,22.97,6188.47
perez_marion,38,189,8558.69,22.97,6185.76
perez_marion,38,190,8556.3,22.96,6182.51
perez_marion,38,191,8553.45,22.97,6179.42
perez_marion,38,192,8550.13,22.97,6176.43
perez_marion,38,193,8546.34,22.98,6173.54
perez_marion,38,194,8542.13,22.99,6171.01
perez_marion,38,195,8537.56,23.0,6169.04
perez_marion,38,196,8532.57,23.02,6167.25
perez_marion,38,197,8527.04,23.04,6165.4
perez_marion,38,198,8520.93,23.06,6163.5
perez_marion,38,199,8514.27,23.08,6161.58
perez_marion,38,200,8507.03,23.11,6159.55
perez_marion,39,170,8481.25,22.85,6035.44
perez_marion,39,171,8490.05,22.84,6044.13
perez_marion,39,172,8498.49,22.83,6053.88
perez_marion,39,173,8506.54,22.83,6064.55
perez_marion,39,174,8514.21,22.83,6076.24
perez_marion,39,175,8521.35,22.84,6088.45
perez_marion,39,176,8527.92,22.85,6100.85
perez_marion,39,177,8533.92,22.86,6113.31
perez_marion,39,178,8539.31,22.87,6125.73
perez_marion,39,179,8544.08,22.89,6137.76
perez_marion,39,180,8548.21,22.91,6148.99
perez_marion,39,181,8551.68,22.93,6159.27
perez_marion,39,182,8554.47,22.94,6168.24
perez_marion,39,183,8556.61,22.95,6175.03
perez_marion,39,184,8558.1,22.96,6179.39
perez_marion,39,185,8558.92,22.96,6181.65
perez_marion,39,186,8559.08,22.96,6182.31
perez_marion,39,187,8558.6,22.96,6181.69
perez_marion,39,188,8557.47,22.96,6180.13
perez_marion,39,189,8555.72,22.95,6177.74
perez_marion,39,190,8553.34,22.96,6174.74
perez_marion,39,191,8550.46,22.96,6171.84
perez_marion,39,192,8547.15,22.96,6169.2
perez_marion,39,193,8543.4,22.97,6166.72
perez_marion,39,194,8539.28,22.98,6164.8
perez_marion,39,195,8534.8,23.0,6163.52
perez_marion,39,196,8529.84,23.02,6162.25
perez_marion,39,197,8524.32,23.04,6160.88
perez_marion,39,198,8518.24,23.06,6159.53
perez_marion,39,199,8511.53,23.08,6157.83
perez_marion,39,200,8504.14,23.11,6155.64
perez_marion,40,170,8475.31,22.85,6027.39
perez_marion,40,171,8484.07,22.84,6035.26
perez_marion,40,172,8492.54,22.83,6044.58
perez_marion,40,173,8500.66,22.83,6055.08
perez_marion,40,174,8508.37,22.83,6066.43
perez_marion,40,175,8515.54,22.83,6078.35
perez_marion,40,176,8522.17,22.84,6090.5
perez_marion,40,177,8528.23,22.85,6102.73
perez_marion,40,178,8533.68,22.87,6114.93
perez_marion,40,179,8538.51,22.88,6126.69
perez_marion,40,180,8542.71,22.9,6137.62
perez_marion,40,181,8546.26,22.92,6147.73
perez_marion,40,182,8549.1,22.93,6156.8
perez_marion,40,183,8551.29,22.94,6163.88
perez_marion,40,184,8552.81,22.95,6168.28
perez_marion,40,185,8553.66,22.95,6170.56
perez_marion,40,186,8553.87,22.95,6171.58
perez_marion,40,187,8553.43,22.95,6171.45
perez_marion,40,188,8552.35,22.95,6170.32
perez_marion,40,189,8550.64,22.95,6168.38
perez_marion,40,190,8548.31,22.95,6165.86
perez_marion,40,191,8545.43,22.95,6163.23
perez_marion,40,192,8542.15,22.96,6161.02
perez_marion,40,193,8538.49,22.97,6159.22
perez_marion,40,194,8534.46,22.99,6157.98
perez_marion,40,195,8530.03,23.0,6157.18
perez_marion,40,196,8525.09,23.02,6156.37
perez_marion,40,197,8519.6,23.04,6155.63
perez_marion,40,198,8513.45,23.07,6154.45
perez_marion,40,199,8506.6,23.09,6152.62
perez_marion,40,200,8499.05,23.12,6150.24
perez_marion,41,170,8467.37,22.86,6018.68
perez_marion,41,171,8476.15,22.85,6025.9
perez_marion,41,172,8484.57,22.83,6034.47
perez_marion,41,173,8492.74,22.83,6044.66
perez_marion,41,174,8500.44,22.83,6055.57
perez_marion,41,175,8507.64,22.83,6067.13
perez_marion,41,176,8514.31,22.84,6078.97
perez_marion,41,177,8520.41,22.85,6090.9
perez_marion,41,178,8525.91,22.86,6102.79
perez_marion,41,179,8530.8,22.88,6114.12
perez_marion,41,180,8535.05,22.9,6124.63
perez_marion,41,181,8538.63,22.91,6134.49
perez_marion,41,182,8541.54,22.93,6143.38
perez_marion,41,183,8543.8,22.94,6150.49
perez_marion,41,184,8545.38,22.95,6155.14
perez_marion,41,185,8546.28,22.95,6157.83
perez_marion,41,186,8546.54,22.95,6159.32
perez_marion,41,187,8546.15,22.95,6159.67
perez_marion,41,188,8545.12,22.95,6159.09
perez_marion,41,189,8543.46,22.95,6157.75
perez_marion,41,190,8541.19,22.95,6155.82
perez_marion,41,191,8538.36,22.96,6153.64
perez_marion,41,192,8535.16,22.97,6152.06
perez_marion,41,193,8531.63,22.98,6151.12
perez_marion,41,194,8527.66,22.99,6150.36
perez_marion,41,195,8523.25,23.01,6149.94
perez_marion,41,196,8518.34,23.03,6149.74
perez_marion,41,197,8512.79,23.05,6149.22
perez_marion,41,198,8506.51,23.08,6147.92
perez_marion,41,199,8499.54,23.1,6145.94
perez_marion,41,200,8491.84,23.13,6143.34
perez_marion,42,170,8457.44,22.88,6009.2
perez_marion,42,171,8466.22,22.86,6015.91
perez_marion,42,172,8474.62,22.85,6023.76
perez_marion,42,173,8482.74,22.84,6033.3
perez_marion,42,174,8490.42,22.84,6043.69
perez_marion,42,175,8497.62,22.84,6054.81
perez_marion,42,176,8504.29,22.85,6066.26
perez_marion,42,177,8510.41,22.86,6077.84
perez_marion,42,178,8515.95,22.87,6089.31
perez_marion,42,179,8520.89,22.88,6100.07
perez_marion,42,180,8525.2,22.9,6110.09
perez_marion,42,181,8528.84,22.91,6119.56
perez_marion,42,182,8531.83,22.93,6128.0
perez_marion,42,183,8534.15,22.94,6134.91
perez_marion,42,184,8535.8,22.95,6140.11
perez_marion,42,185,8536.78,22.95,6143.52
perez_marion,42,186,8537.1,22.95,6145.55
perez_marion,42,187,8536.76,22.95,6146.42
perez_marion,42,188,8535.8,22.95,6146.5
perez_marion,42,189,8534.21,22.96,6145.89
perez_marion,42,190,8532.03,22.96,6144.68
perez_marion,42,191,8529.29,22.97,6143.17
perez_marion,42,192,8526.24,22.98,6142.52
perez_marion,42,193,8522.77,22.99,6142.18
perez_marion,42,194,8518.83,23.01,6141.85
perez_marion,42,195,8514.46,23.02,6141.93
perez_marion,42,196,8509.52,23.05,6142.01
perez_marion,42,197,8503.84,23.07,6141.38
perez_marion,42,198,8497.45,23.09,6139.93
perez_marion,42,199,8490.33,23.12,6137.78
perez_marion,42,200,8482.5,23.15,6134.96
perez_marion,43,170,8445.43,22.9,5998.96
perez_marion,43,171,8454.23,22.88,6005.14
perez_marion,43,172,8462.65,22.87,6012.53
perez_marion,43,173,8470.68,22.86,6021.06
perez_marion,43,174,8478.31,22.85,6030.81
perez_marion,43,175,8485.5,22.85,6041.41
perez_marion,43,176,8492.18,22.86,6052.42
perez_marion,43,177,8498.32,22.87,6063.57
perez_marion,43,178,8503.89,22.88,6074.46
perez_marion,43,179,8508.87,22.89,6084.54
perez_marion,43,180,8513.23,22.9,6094.04
perez_marion,43,181,8516.92,22.92,6102.95
perez_marion,43,182,8519.95,22.93,6110.72
perez_marion,43,183,8522.32,22.94,6117.45
perez_marion,43,184,8524.04,22.95,6123.26
perez_marion,43,185,8525.09,22.95,6127.56
perez_marion,43,186,8525.49,22.96,6130.27
perez_marion,43,187,8525.26,22.96,6131.79
perez_marion,43,188,8524.38,22.96,6132.61
perez_marion,43,189,8522.9,22.97,6132.86
perez_marion,43,190,8520.83,22.97,6132.48
perez_marion,43,191,8518.28,22.98,6132.14
perez_marion,43,192,8515.3,22.99,6132.13
perez_marion,43,193,8511.89,23.01,6132.33
perez_marion,43,194,8508.01,23.03,6132.54
perez_marion,43,195,8503.61,23.05,6132.89
perez_marion,43,196,8498.55,23.07,6132.87
perez_marion,43,197,8492.76,23.09,6132.09
perez_marion,43,198,8486.24,23.12,6130.48
perez_marion,43,199,8479.01,23.14,6128.15
perez_marion,43,200,8471.04,23.17,6125.07
perez_marion,44,170,8431.42,22.93,5987.91
perez_marion,44,171,8440.24,22.91,5993.6
perez_marion,44,172,8448.67,22.89,6000.48
perez_marion,44,173,8456.64,22.88,6008.22
perez_marion,44,174,8464.17,22.87,6016.98
perez_marion,44,175,8471.33,22.87,6026.97
perez_marion,44,176,8478.0,22.88,6037.45
perez_marion,44,177,8484.14,22.88,6048.1
perez_marion,44,178,8489.72,22.89,6058.23
perez_marion,44,179,8494.73,22.9,6067.55
perez_marion,44,180,8499.11,22.91,6076.46
perez_marion,44,181,8502.85,22.93,6084.57
perez_marion,44,182,8505.93,22.94,6091.67
perez_marion,44,183,8508.36,22.95,6098.33
perez_marion,44,184,8510.13,22.96,6104.7
perez_marion,44,185,8511.25,22.96,6109.92
perez_marion,44,186,8511.73,22.97,6113.52
perez_marion,44,187,8511.59,22.97,6115.81
perez_marion,44,188,8510.83,22.98,6117.48
perez_marion,44,189,8509.49,22.99,6118.66
perez_marion,44,190,8507.6,22.99,6119.5
perez_marion,44,191,8505.23,23.0,6120.22
perez_marion,44,192,8502.32,23.02,6120.79
perez_marion,44,193,8498.99,23.03,6121.6
perez_marion,44,194,8495.15,23.05,6122.32
perez_marion,44,195,8490.64,23.07,6122.46
perez_marion,44,196,8485.46,23.09,6122.31
perez_marion,44,197,8479.55,23.12,6121.36
perez_marion,44,198,8472.93,23.14,6119.58
perez_marion,44,199,8465.57,23.17,6117.04
perez_marion,44,200,8457.47,23.2,6113.69
