tilt,azimuth,pv_kwp,battery_kwh,pv_dc_generation_kwh,usable_ac_system_production_kwh,curtailment_dc_kwh,consumption_kwh,self_consumption_kwh,grid_import_kwh,grid_export_kwh,grid_independence_pct,self_consumption_pct,total_investment,payback_year,npv_savings,lcoe_per_kwh,terminal_health_credit,terminal_health_credit_npv,npv_savings_terminal_adjusted,co2_avoided_total_year1_kg,co2_avoided_total_lifetime_kg,grid_import_cost_year1_prices,grid_export_revenue_year1_prices,fixed_charge_year1_prices,no_system_import_cost_year1_prices,no_system_fixed_charge_year1_prices,bill_year1,no_system_bill_year1
0,90,5.5,0,7600.26,7277.64,0.0,4000.0,1990.98,2009.02,5286.65,49.77,27.36,4700.33,9,5548.88,0.0624,,,,930.88,17753.82,518.73,211.47,109.5,1032.8,109.5,416.76,1142.3
0,105,5.5,0,7600.26,7277.64,0.0,4000.0,1990.98,2009.02,5286.65,49.77,27.36,4700.33,9,5548.88,0.0624,,,,930.88,17753.82,518.73,211.47,109.5,1032.8,109.5,416.76,1142.3
0,120,5.5,0,7600.26,7277.64,0.0,4000.0,1990.98,2009.02,5286.65,49.77,27.36,4700.33,9,5548.88,0.0624,,,,930.88,17753.82,518.73,211.47,109.5,1032.8,109.5,416.76,1142.3
0,135,5.5,0,7600.26,7277.64,0.0,4000.0,1990.98,2009.02,5286.65,49.77,27.36,4700.33,9,5548.88,0.0624,,,,930.88,17753.82,518.73,211.47,109.5,1032.8,109.5,416.76,1142.3
0,150,5.5,0,7600.26,7277.64,0.0,4000.0,1990.98,2009.02,5286.65,49.77,27.36,4700.33,9,5548.88,0.0624,,,,930.88,17753.82,518.73,211.47,109.5,1032.8,109.5,416.76,1142.3
0,165,5.5,0,7600.26,7277.64,0.0,4000.0,1990.98,2009.02,5286.65,49.77,27.36,4700.33,9,5548.88,0.0624,,,,930.88,17753.82,518.73,211.47,109.5,1032.8,109.5,416.76,1142.3
0,180,5.5,0,7600.26,7277.64,0.0,4000.0,1990.98,2009.02,5286.65,49.77,27.36,4700.33,9,5548.88,0.0624,,,,930.88,17753.82,518.73,211.47,109.5,1032.8,109.5,416.76,1142.3
0,195,5.5,0,7600.26,7277.64,0.0,4000.0,1990.98,2009.02,5286.65,49.77,27.36,4700.33,9,5548.88,0.0624,,,,930.88,17753.82,518.73,211.47,109.5,1032.8,109.5,416.76,1142.3
0,210,5.5,0,7600.26,7277.64,0.0,4000.0,1990.98,2009.02,5286.65,49.77,27.36,4700.33,9,5548.88,0.0624,,,,930.88,17753.82,518.73,211.47,109.5,1032.8,109.5,416.76,1142.3
0,225,5.5,0,7600.26,7277.64,0.0,4000.0,1990.98,2009.02,5286.65,49.77,27.36,4700.33,9,5548.88,0.0624,,,,930.88,17753.82,518.73,211.47,109.5,1032.8,109.5,416.76,1142.3
0,240,5.5,0,7600.26,7277.64,0.0,4000.0,1990.98,2009.02,5286.65,49.77,27.36,4700.33,9,5548.88,0.0624,,,,930.88,17753.82,518.73,211.47,109.5,1032.8,109.5,416.76,1142.3
0,255,5.5,0,7600.26,7277.64,0.0,4000.0,1990.98,2009.02,5286.65,49.77,27.36,4700.33,9,5548.88,0.0624,,,,930.88,17753.82,518.73,211.47,109.5,1032.8,109.5,416.76,1142.3
0,270,5.5,0,7600.26,7277.64,0.0,4000.0,1990.98,2009.02,5286.65,49.77,27.36,4700.33,9,5548.88,0.0624,,,,930.88,17753.82,518.73,211.47,109.5,1032.8,109.5,416.76,1142.3
5,90,5.5,0,7575.46,7253.57,0.0,4000.0,1981.71,2018.29,5271.86,49.54,27.32,4700.33,9,5501.51,0.0626,,,,927.8,17695.05,521.12,210.87,109.5,1032.8,109.5,419.75,1142.3
5,105,5.5,0,7657.07,7332.26,0.0,4000.0,1984.05,2015.95,5348.21,49.6,27.06,4700.33,9,5556.04,0.0619,,,,937.87,17887.24,520.52,213.93,109.5,1032.8,109.5,416.09,1142.3
5,120,5.5,0,7733.12,7405.59,0.0,4000.0,1986.83,2013.17,5418.76,49.67,26.83,4700.33,9,5609.13,0.0613,,,,947.25,18066.34,519.8,216.75,109.5,1032.8,109.5,412.55,1142.3
5,135,5.5,0,7798.63,7468.73,0.03,4000.0,1989.7,2010.3,5479.03,49.74,26.64,4700.33,9,5657.04,0.0608,,,,955.33,18220.61,519.06,219.16,109.5,1032.8,109.5,409.4,1142.3
5,150,5.5,0,7849.31,7517.58,0.05,4000.0,1992.23,2007.77,5525.35,49.81,26.5,4700.33,9,5695.5,0.0604,,,,961.57,18339.96,518.41,221.01,109.5,1032.8,109.5,406.9,1142.3
5,165,5.5,0,7881.77,7548.88,0.05,4000.0,1994.09,2005.91,5554.79,49.85,26.42,4700.33,9,5720.63,0.0601,,,,965.58,18416.41,517.93,222.19,109.5,1032.8,109.5,405.24,1142.3
5,180,5.5,0,7893.94,7560.62,0.04,4000.0,1995.5,2004.5,5565.13,49.89,26.39,4700.33,9,5732.03,0.06,,,,967.08,18445.05,517.56,222.61,109.5,1032.8,109.5,404.45,1142.3
5,195,5.5,0,7885.07,7552.1,0.01,4000.0,1996.08,2003.92,5556.01,49.9,26.43,4700.33,9,5729.09,0.0601,,,,965.99,18424.16,517.41,222.24,109.5,1032.8,109.5,404.67,1142.3
5,210,5.5,0,7855.83,7523.91,0.0,4000.0,1995.88,2004.12,5528.02,49.9,26.53,4700.33,9,5711.15,0.0603,,,,962.38,18355.3,517.46,221.12,109.5,1032.8,109.5,405.84,1142.3
5,225,5.5,0,7808.14,7477.92,0.0,4000.0,1994.55,2005.45,5483.37,49.86,26.67,4700.33,9,5679.03,0.0607,,,,956.5,18242.98,517.81,219.33,109.5,1032.8,109.5,407.98,1142.3
5,240,5.5,0,7744.97,7417.01,0.0,4000.0,1992.48,2007.52,5424.52,49.81,26.86,4700.33,9,5636.22,0.0612,,,,948.71,18094.22,518.34,216.98,109.5,1032.8,109.5,410.86,1142.3
5,255,5.5,0,7670.45,7345.15,0.0,4000.0,1990.19,2009.81,5354.96,49.75,27.1,4700.33,9,5586.15,0.0618,,,,939.52,17918.72,518.93,214.2,109.5,1032.8,109.5,414.23,1142.3
5,270,5.5,0,7589.39,7266.99,0.0,4000.0,1987.82,2012.18,5279.16,49.7,27.35,4700.33,9,5532.05,0.0625,,,,929.52,17727.83,519.54,211.17,109.5,1032.8,109.5,417.87,1142.3
10,90,5.5,0,7518.77,7198.47,0.0,4000.0,1968.79,2031.21,5229.68,49.22,27.35,4700.33,9,5418.97,0.0631,,,,920.76,17560.54,524.46,209.19,109.5,1032.8,109.5,424.77,1142.3
10,105,5.5,0,7680.7,7354.62,0.02,4000.0,1974.33,2025.67,5380.29,49.36,26.84,4700.33,9,5530.64,0.0617,,,,940.73,17941.94,523.03,215.21,109.5,1032.8,109.5,417.32,1142.3
10,120,5.5,0,7830.18,7498.68,0.11,4000.0,1980.03,2019.97,5518.65,49.5,26.41,4700.33,9,5636.59,0.0605,,,,959.16,18293.97,521.56,220.75,109.5,1032.8,109.5,410.31,1142.3
10,135,5.5,0,7957.58,7621.43,0.22,4000.0,1985.28,2014.72,5636.15,49.63,26.05,4700.33,9,5727.73,0.0596,,,,974.86,18593.97,520.2,225.45,109.5,1032.8,109.5,404.25,1142.3
10,150,5.5,0,8054.92,7715.17,0.34,4000.0,1989.13,2010.87,5726.05,49.73,25.78,4700.33,9,5796.95,0.0588,,,,986.85,18823.16,519.21,229.04,109.5,1032.8,109.5,399.67,1142.3
10,165,5.5,0,8117.68,7775.56,0.48,4000.0,1992.53,2007.47,5783.03,49.81,25.63,4700.33,9,5845.05,0.0584,,,,994.57,18970.95,518.33,231.32,109.5,1032.8,109.5,396.51,1142.3
10,180,5.5,0,8142.08,7799.04,0.55,4000.0,1995.8,2004.2,5803.24,49.89,25.59,4700.33,8,5872.09,0.0582,,,,997.57,19028.42,517.49,232.13,109.5,1032.8,109.5,394.86,1142.3
10,195,5.5,0,8125.95,7783.52,0.51,4000.0,1998.27,2001.73,5785.26,49.96,25.67,4700.33,8,5872.82,0.0583,,,,995.59,18990.46,516.85,231.41,109.5,1032.8,109.5,394.94,1142.3
10,210,5.5,0,8070.75,7730.43,0.38,4000.0,1999.42,2000.58,5731.01,49.99,25.86,4700.33,9,5845.03,0.0587,,,,988.8,18860.53,516.55,229.24,109.5,1032.8,109.5,396.81,1142.3
10,225,5.5,0,7978.22,7641.36,0.21,4000.0,1996.49,2003.51,5644.86,49.91,26.13,4700.33,9,5780.97,0.0594,,,,977.41,18642.64,517.31,225.79,109.5,1032.8,109.5,401.02,1142.3
10,240,5.5,0,7854.84,7522.54,0.04,4000.0,1991.36,2008.64,5531.18,49.78,26.47,4700.33,9,5692.88,0.0604,,,,962.21,18352.09,518.63,221.25,109.5,1032.8,109.5,406.88,1142.3
10,255,5.5,0,7707.92,7380.89,0.0,4000.0,1985.26,2014.74,5395.63,49.63,26.9,4700.33,9,5586.38,0.0615,,,,944.09,18006.07,520.2,215.83,109.5,1032.8,109.5,413.87,1142.3
10,270,5.5,0,7548.62,7227.28,0.0,4000.0,1980.53,2019.47,5246.75,49.51,27.4,4700.33,9,5478.97,0.0628,,,,924.44,17630.9,521.43,209.87,109.5,1032.8,109.5,421.06,1142.3
15,90,5.5,0,7438.06,7120.08,0.0,4000.0,1957.97,2042.03,5162.11,48.95,27.5,4700.33,9,5327.91,0.0638,,,,910.73,17369.15,527.25,206.48,109.5,1032.8,109.5,430.27,1142.3
15,105,5.5,0,7673.55,7347.12,0.04,4000.0,1963.35,2036.65,5383.77,49.08,26.72,4700.33,9,5479.89,0.0618,,,,939.77,17923.75,525.86,215.35,109.5,1032.8,109.5,420.01,1142.3
15,120,5.5,0,7891.46,7557.05,0.27,4000.0,1972.44,2027.56,5584.61,49.31,26.1,4700.33,9,5637.29,0.0601,,,,966.62,18436.92,523.52,223.38,109.5,1032.8,109.5,409.64,1142.3
15,135,5.5,0,8077.5,7736.09,0.69,4000.0,1981.82,2018.18,5754.27,49.55,25.62,4700.33,9,5778.98,0.0587,,,,989.52,18875.03,521.09,230.17,109.5,1032.8,109.5,400.42,1142.3
15,150,5.5,0,8219.56,7872.78,1.03,4000.0,1987.92,2012.08,5884.87,49.7,25.25,4700.33,8,5882.75,0.0577,,,,1007.01,19209.53,519.52,235.39,109.5,1032.8,109.5,393.63,1142.3
15,165,5.5,0,8308.51,7958.2,1.4,4000.0,1990.17,2009.83,5968.03,49.75,25.01,4700.33,8,5940.84,0.057,,,,1017.93,19418.88,518.94,238.72,109.5,1032.8,109.5,389.72,1142.3
15,180,5.5,0,8343.56,7992.0,1.42,4000.0,1994.4,2005.6,5997.61,49.86,24.95,4700.33,8,5978.42,0.0568,,,,1022.26,19501.47,517.85,239.9,109.5,1032.8,109.5,387.45,1142.3
15,195,5.5,0,8322.41,7971.89,1.16,4000.0,2000.18,1999.82,5971.71,50.0,25.09,4700.33,8,5989.46,0.0569,,,,1019.69,19451.81,516.35,238.87,109.5,1032.8,109.5,386.98,1142.3
15,210,5.5,0,8241.01,7893.65,0.88,4000.0,2000.99,1999.01,5892.66,50.02,25.35,4700.33,8,5943.9,0.0575,,,,1009.68,19260.16,516.14,235.71,109.5,1032.8,109.5,389.93,1142.3
15,225,5.5,0,8106.1,7763.81,0.57,4000.0,1994.94,2005.06,5768.86,49.87,25.7,4700.33,9,5843.93,0.0585,,,,993.07,18942.47,517.71,230.75,109.5,1032.8,109.5,396.46,1142.3
15,240,5.5,0,7926.58,7590.97,0.23,4000.0,1985.73,2014.27,5605.24,49.64,26.16,4700.33,9,5706.82,0.0598,,,,970.96,18519.69,520.08,224.21,109.5,1032.8,109.5,405.37,1142.3
15,255,5.5,0,7715.33,7387.49,0.0,4000.0,1978.32,2021.68,5409.17,49.46,26.78,4700.33,9,5560.27,0.0615,,,,944.93,18022.24,522.0,216.37,109.5,1032.8,109.5,415.13,1142.3
15,270,5.5,0,7483.57,7164.03,0.0,4000.0,1973.15,2026.85,5190.88,49.33,27.54,4700.33,9,5411.05,0.0634,,,,916.35,17476.49,523.33,207.64,109.5,1032.8,109.5,425.19,1142.3
20,90,5.5,0,7336.09,7021.07,0.0,4000.0,1945.43,2054.57,5075.64,48.64,27.71,4700.33,9,5217.84,0.0647,,,,898.06,17127.42,530.49,203.03,109.5,1032.8,109.5,436.96,1142.3
20,105,5.5,0,7641.2,7315.2,0.13,4000.0,1951.81,2048.19,5363.38,48.8,26.68,4700.33,9,5414.0,0.0621,,,,935.69,17846.03,528.84,214.54,109.5,1032.8,109.5,423.8,1142.3
20,120,5.5,0,7917.84,7581.56,0.54,4000.0,1959.43,2040.57,5622.13,48.99,25.84,4700.33,9,5598.3,0.0599,,,,969.76,18497.41,526.87,224.89,109.5,1032.8,109.5,411.48,1142.3
20,135,5.5,0,8155.82,7810.4,1.3,4000.0,1973.1,2026.9,5837.31,49.33,25.26,4700.33,9,5784.04,0.0581,,,,999.03,19057.8,523.35,233.49,109.5,1032.8,109.5,399.36,1142.3
20,150,5.5,0,8338.09,7985.8,1.77,4000.0,1984.01,2015.99,6001.79,49.6,24.84,4700.33,8,5930.71,0.0568,,,,1021.46,19487.02,520.53,240.07,109.5,1032.8,109.5,389.96,1142.3
20,165,5.5,0,8453.26,8096.54,2.14,4000.0,1987.63,2012.37,6108.91,49.69,24.55,4700.33,8,6010.44,0.0561,,,,1035.63,19758.19,519.59,244.36,109.5,1032.8,109.5,384.73,1142.3
20,180,5.5,0,8498.63,8140.28,2.2,4000.0,1993.63,2006.37,6146.65,49.84,24.49,4700.33,8,6060.85,0.0558,,,,1041.22,19865.17,518.04,245.87,109.5,1032.8,109.5,381.67,1142.3
20,195,5.5,0,8470.17,8113.28,1.77,4000.0,1999.58,2000.42,6113.69,49.99,24.65,4700.33,8,6068.5,0.0559,,,,1037.77,19798.35,516.51,244.55,109.5,1032.8,109.5,381.46,1142.3
20,210,5.5,0,8365.78,8012.99,1.32,4000.0,1999.84,2000.16,6013.15,50.0,24.96,4700.33,8,6006.27,0.0566,,,,1024.94,19552.51,516.44,240.53,109.5,1032.8,109.5,385.41,1142.3
20,225,5.5,0,8195.25,7848.87,0.91,4000.0,1991.32,2008.68,5857.55,49.78,25.37,4700.33,8,5876.39,0.0578,,,,1003.95,19150.93,518.64,234.3,109.5,1032.8,109.5,393.84,1142.3
20,240,5.5,0,7967.27,7629.44,0.42,4000.0,1979.67,2020.33,5649.77,49.49,25.95,4700.33,9,5704.74,0.0595,,,,975.88,18614.09,521.65,225.99,109.5,1032.8,109.5,405.16,1142.3
20,255,5.5,0,7698.17,7370.28,0.09,4000.0,1974.44,2025.56,5395.85,49.36,26.79,4700.33,9,5533.91,0.0616,,,,942.73,17980.46,523.0,215.83,109.5,1032.8,109.5,416.67,1142.3
20,270,5.5,0,7396.36,7079.31,0.0,4000.0,1965.83,2034.17,5113.48,49.15,27.77,4700.33,9,5330.1,0.0641,,,,905.52,17269.65,525.22,204.54,109.5,1032.8,109.5,430.18,1142.3
25,90,5.5,0,7215.7,6904.25,0.0,4000.0,1936.96,2063.04,4967.29,48.42,28.05,4700.33,9,5114.21,0.0658,,,,883.12,16842.19,532.68,198.69,109.5,1032.8,109.5,443.49,1142.3
25,105,5.5,0,7584.32,7259.58,0.24,4000.0,1945.86,2054.14,5313.71,48.65,26.8,4700.33,9,5355.81,0.0625,,,,928.57,17710.49,530.38,212.55,109.5,1032.8,109.5,427.33,1142.3
25,120,5.5,0,7916.15,7579.03,0.83,4000.0,1953.45,2046.55,5625.58,48.84,25.77,4700.33,9,5571.42,0.0599,,,,969.43,18491.87,528.42,225.02,109.5,1032.8,109.5,412.9,1142.3
25,135,5.5,0,8198.77,7850.76,1.8,4000.0,1966.69,2033.31,5884.07,49.17,25.05,4700.33,9,5781.54,0.0578,,,,1004.19,19157.43,525.0,235.36,109.5,1032.8,109.5,399.14,1142.3
25,150,5.5,0,8411.93,8055.8,2.43,4000.0,1976.05,2023.95,6079.74,49.4,24.53,4700.33,8,5938.2,0.0563,,,,1030.42,19659.35,522.58,243.19,109.5,1032.8,109.5,388.89,1142.3
25,165,5.5,0,8548.9,8187.74,2.67,4000.0,1983.01,2016.99,6204.73,49.58,24.22,4700.33,8,6043.37,0.0554,,,,1047.29,19982.0,520.79,248.19,109.5,1032.8,109.5,382.1,1142.3
25,180,5.5,0,8605.9,8242.9,2.6,4000.0,1992.95,2007.05,6249.95,49.82,24.18,4700.33,8,6116.61,0.0551,,,,1054.35,20116.63,518.22,250.0,109.5,1032.8,109.5,377.72,1142.3
25,195,5.5,0,8568.71,8207.5,2.08,4000.0,1996.23,2003.77,6211.27,49.91,24.32,4700.33,8,6108.55,0.0553,,,,1049.82,20029.17,517.37,248.45,109.5,1032.8,109.5,378.42,1142.3
25,210,5.5,0,8448.88,8092.44,1.52,4000.0,1998.27,2001.73,6094.18,49.96,24.69,4700.33,8,6044.7,0.0561,,,,1035.1,19747.01,516.85,243.77,109.5,1032.8,109.5,382.58,1142.3
25,225,5.5,0,8244.81,7895.97,1.04,4000.0,1987.26,2012.74,5908.72,49.68,25.17,4700.33,8,5886.83,0.0575,,,,1009.97,19266.27,519.69,236.35,109.5,1032.8,109.5,392.84,1142.3
25,240,5.5,0,7972.68,7633.95,0.51,4000.0,1976.65,2023.35,5657.3,49.42,25.89,4700.33,9,5694.44,0.0595,,,,976.46,18625.32,522.43,226.29,109.5,1032.8,109.5,405.64,1142.3
25,255,5.5,0,7649.18,7322.31,0.14,4000.0,1969.68,2030.32,5352.63,49.24,26.9,4700.33,9,5483.43,0.062,,,,936.6,17863.5,524.23,214.11,109.5,1032.8,109.5,419.62,1142.3
25,270,5.5,0,7285.78,6971.95,0.0,4000.0,1957.49,2042.51,5014.46,48.94,28.08,4700.33,9,5231.36,0.0651,,,,891.78,17007.53,527.38,200.58,109.5,1032.8,109.5,436.3,1142.3
30,90,5.5,0,7079.06,6771.73,0.0,4000.0,1931.84,2068.16,4839.89,48.3,28.53,4700.33,9,5014.31,0.067,,,,866.17,16518.63,534.0,193.6,109.5,1032.8,109.5,449.9,1142.3
30,105,5.5,0,7499.63,7177.13,0.28,4000.0,1939.78,2060.22,5237.34,48.49,27.03,4700.33,9,5280.9,0.0633,,,,918.03,17509.31,531.95,209.49,109.5,1032.8,109.5,431.96,1142.3
30,120,5.5,0,7877.98,7541.42,0.97,4000.0,1946.64,2053.36,5594.78,48.67,25.81,4700.33,9,5521.4,0.0602,,,,964.62,18400.37,530.18,223.79,109.5,1032.8,109.5,415.89,1142.3
30,135,5.5,0,8200.03,7851.35,1.84,4000.0,1960.86,2039.14,5890.49,49.02,24.97,4700.33,9,5757.75,0.0578,,,,1004.27,19159.02,526.51,235.62,109.5,1032.8,109.5,400.39,1142.3
30,150,5.5,0,8445.82,8087.87,2.59,4000.0,1972.13,2027.87,6115.74,49.3,24.38,4700.33,8,5940.75,0.0561,,,,1034.52,19738.07,523.6,244.63,109.5,1032.8,109.5,388.47,1142.3
30,165,5.5,0,8595.11,8231.92,2.57,4000.0,1974.84,2025.16,6257.08,49.37,23.99,4700.33,8,6034.09,0.0551,,,,1052.95,20089.75,522.9,250.28,109.5,1032.8,109.5,382.12,1142.3
30,180,5.5,0,8663.36,8298.05,2.48,4000.0,1991.24,2008.76,6306.8,49.78,24.0,4700.33,8,6140.52,0.0547,,,,1061.4,20251.19,518.66,252.27,109.5,1032.8,109.5,375.89,1142.3
30,195,5.5,0,8620.15,8256.97,1.79,4000.0,1991.45,2008.55,6265.52,49.79,24.12,4700.33,8,6116.56,0.055,,,,1056.15,20149.5,518.61,250.62,109.5,1032.8,109.5,377.49,1142.3
30,210,5.5,0,8486.54,8128.51,1.34,4000.0,1996.5,2003.5,6132.0,49.91,24.56,4700.33,8,6057.71,0.0558,,,,1039.72,19834.84,517.3,245.28,109.5,1032.8,109.5,381.52,1142.3
30,225,5.5,0,8249.91,7900.45,0.89,4000.0,1982.16,2017.84,5918.29,49.55,25.09,4700.33,8,5868.01,0.0575,,,,1010.55,19276.99,521.01,236.73,109.5,1032.8,109.5,393.78,1142.3
30,240,5.5,0,7944.74,7606.43,0.47,4000.0,1972.7,2027.3,5633.73,49.32,25.93,4700.33,9,5659.49,0.0597,,,,972.94,18558.08,523.45,225.35,109.5,1032.8,109.5,407.6,1142.3
30,255,5.5,0,7575.92,7251.0,0.14,4000.0,1960.43,2039.57,5290.56,49.01,27.04,4700.33,9,5401.8,0.0626,,,,927.48,17689.41,526.62,211.62,109.5,1032.8,109.5,424.5,1142.3
30,270,5.5,0,7162.69,6852.59,0.0,4000.0,1951.13,2048.87,4901.46,48.78,28.47,4700.33,9,5133.36,0.0663,,,,876.51,16716.09,529.02,196.06,109.5,1032.8,109.5,442.46,1142.3
35,90,5.5,0,6932.18,6629.39,0.01,4000.0,1927.78,2072.22,4701.6,48.19,29.08,4700.33,9,4914.24,0.0685,,,,847.96,16171.11,535.05,188.06,109.5,1032.8,109.5,456.49,1142.3
35,105,5.5,0,7396.39,7077.0,0.21,4000.0,1933.72,2066.28,5143.27,48.34,27.32,4700.33,9,5197.07,0.0642,,,,905.22,17264.7,533.51,205.73,109.5,1032.8,109.5,437.28,1142.3
35,120,5.5,0,7812.86,7478.09,0.92,4000.0,1941.21,2058.79,5536.88,48.53,25.96,4700.33,9,5461.04,0.0607,,,,956.52,18245.7,531.58,221.48,109.5,1032.8,109.5,419.6,1142.3
35,135,5.5,0,8159.65,7812.22,1.44,4000.0,1953.38,2046.62,5858.85,48.83,25.0,4700.33,9,5703.14,0.0581,,,,999.26,19062.74,528.44,234.35,109.5,1032.8,109.5,403.59,1142.3
35,150,5.5,0,8433.37,8075.91,2.14,4000.0,1968.52,2031.48,6107.39,49.21,24.38,4700.33,8,5918.38,0.0562,,,,1032.99,19708.08,524.53,244.3,109.5,1032.8,109.5,389.73,1142.3
35,165,5.5,0,8594.58,8231.45,2.17,4000.0,1964.32,2035.68,6267.13,49.11,23.86,4700.33,8,5991.83,0.0551,,,,1052.88,20087.89,525.61,250.69,109.5,1032.8,109.5,384.42,1142.3
35,180,5.5,0,8670.14,8304.97,1.81,4000.0,1987.9,2012.1,6317.07,49.7,23.94,4700.33,8,6130.18,0.0547,,,,1062.29,20266.82,519.52,252.68,109.5,1032.8,109.5,376.34,1142.3
35,195,5.5,0,8626.95,8263.74,1.31,4000.0,1987.71,2012.29,6276.03,49.69,24.05,4700.33,8,6105.28,0.0549,,,,1057.02,20165.17,519.57,251.04,109.5,1032.8,109.5,378.03,1142.3
35,210,5.5,0,8475.06,8117.41,0.97,4000.0,1992.65,2007.35,6124.76,49.82,24.55,4700.33,8,6034.32,0.0559,,,,1038.3,19807.13,518.3,244.99,109.5,1032.8,109.5,382.81,1142.3
35,225,5.5,0,8219.77,7871.23,0.59,4000.0,1976.79,2023.21,5894.44,49.42,25.11,4700.33,9,5827.01,0.0577,,,,1006.81,19205.1,522.39,235.78,109.5,1032.8,109.5,396.11,1142.3
35,240,5.5,0,7886.98,7550.31,0.39,4000.0,1968.15,2031.85,5582.16,49.2,26.07,4700.33,9,5606.82,0.0601,,,,965.76,18420.95,524.62,223.29,109.5,1032.8,109.5,410.83,1142.3
35,255,5.5,0,7477.35,7155.36,0.09,4000.0,1953.13,2046.87,5202.23,48.83,27.3,4700.33,9,5315.86,0.0635,,,,915.24,17455.82,528.5,208.09,109.5,1032.8,109.5,429.91,1142.3
35,270,5.5,0,7019.01,6713.32,0.0,4000.0,1944.68,2055.32,4768.64,48.62,28.97,4700.33,9,5024.94,0.0676,,,,858.7,16376.05,530.68,190.75,109.5,1032.8,109.5,449.43,1142.3
40,90,5.5,0,6765.49,6467.88,0.01,4000.0,1920.99,2079.01,4546.89,48.02,29.7,4700.33,10,4793.11,0.0702,,,,827.31,15776.76,536.8,181.88,109.5,1032.8,109.5,464.42,1142.3
40,105,5.5,0,7267.02,6951.64,0.16,4000.0,1928.26,2071.74,5023.39,48.21,27.74,4700.33,9,5102.07,0.0653,,,,889.18,16958.53,534.92,200.94,109.5,1032.8,109.5,443.48,1142.3
40,120,5.5,0,7715.12,7383.51,0.73,4000.0,1936.82,2063.18,5446.69,48.42,26.23,4700.33,9,5388.51,0.0615,,,,944.43,18014.42,532.71,217.87,109.5,1032.8,109.5,424.34,1142.3
40,135,5.5,0,8088.7,7743.89,0.96,4000.0,1947.77,2052.23,5796.12,48.69,25.15,4700.33,9,5638.98,0.0586,,,,990.52,18894.93,529.89,231.84,109.5,1032.8,109.5,407.55,1142.3
40,150,5.5,0,8372.48,8017.64,1.31,4000.0,1961.92,2038.08,6055.72,49.05,24.47,4700.33,8,5856.43,0.0566,,,,1025.54,19564.16,526.23,242.23,109.5,1032.8,109.5,393.5,1142.3
40,165,5.5,0,8551.89,8190.8,1.49,4000.0,1959.2,2040.8,6231.6,48.98,23.92,4700.33,8,5948.35,0.0554,,,,1047.69,19987.33,526.94,249.26,109.5,1032.8,109.5,387.18,1142.3
40,180,5.5,0,8626.29,8263.23,1.06,4000.0,1982.29,2017.71,6280.94,49.56,23.99,4700.33,8,6081.44,0.0549,,,,1056.95,20163.42,520.97,251.24,109.5,1032.8,109.5,379.23,1142.3
40,195,5.5,0,8584.66,8223.38,0.78,4000.0,1983.74,2016.26,6239.63,49.59,24.12,4700.33,8,6065.95,0.0552,,,,1051.85,20065.53,520.6,249.59,109.5,1032.8,109.5,380.51,1142.3
40,210,5.5,0,8415.29,8059.84,0.58,4000.0,1985.28,2014.72,6074.56,49.63,24.63,4700.33,8,5969.14,0.0563,,,,1030.93,19665.78,520.2,242.98,109.5,1032.8,109.5,386.72,1142.3
40,225,5.5,0,8153.53,7807.27,0.38,4000.0,1971.64,2028.36,5835.63,49.29,25.25,4700.33,9,5769.98,0.0581,,,,998.63,19048.52,523.72,233.43,109.5,1032.8,109.5,399.79,1142.3
40,240,5.5,0,7787.9,7454.37,0.25,4000.0,1960.82,2039.18,5493.54,49.02,26.3,4700.33,9,5519.35,0.0609,,,,953.49,18186.43,526.52,219.74,109.5,1032.8,109.5,416.28,1142.3
40,255,5.5,0,7355.0,7036.86,0.04,4000.0,1947.75,2052.25,5089.11,48.69,27.68,4700.33,9,5223.89,0.0645,,,,900.09,17166.37,529.89,203.56,109.5,1032.8,109.5,435.83,1142.3
40,270,5.5,0,6859.15,6558.46,0.0,4000.0,1934.42,2065.58,4624.04,48.36,29.5,4700.33,9,4891.13,0.0692,,,,838.89,15997.93,533.33,184.96,109.5,1032.8,109.5,457.87,1142.3
45,90,5.5,0,6592.89,6300.81,0.0,4000.0,1914.12,2085.88,4386.69,47.85,30.38,4700.33,10,4669.4,0.0721,,,,805.94,15368.78,538.58,175.47,109.5,1032.8,109.5,472.61,1142.3
45,105,5.5,0,7120.43,6809.78,0.12,4000.0,1921.77,2078.23,4888.02,48.04,28.22,4700.33,9,4994.74,0.0667,,,,871.04,16612.04,536.6,195.52,109.5,1032.8,109.5,450.58,1142.3
45,120,5.5,0,7581.18,7254.13,0.39,4000.0,1931.61,2068.39,5322.52,48.29,26.63,4700.33,9,5291.7,0.0626,,,,927.88,17697.82,534.06,212.9,109.5,1032.8,109.5,430.66,1142.3
45,135,5.5,0,7978.55,7637.8,0.53,4000.0,1941.04,2058.96,5696.76,48.53,25.41,4700.33,9,5551.55,0.0594,,,,976.95,18635.0,531.62,227.87,109.5,1032.8,109.5,413.25,1142.3
45,150,5.5,0,8265.76,7915.11,0.64,4000.0,1951.59,2048.41,5963.52,48.79,24.66,4700.33,9,5754.11,0.0574,,,,1012.42,19312.43,528.9,238.54,109.5,1032.8,109.5,399.86,1142.3
45,165,5.5,0,8461.9,8104.63,0.87,4000.0,1955.26,2044.74,6149.37,48.88,24.13,4700.33,8,5883.02,0.056,,,,1036.66,19775.69,527.95,245.97,109.5,1032.8,109.5,391.48,1142.3
45,180,5.5,0,8532.1,8172.91,0.5,4000.0,1972.72,2027.28,6200.19,49.32,24.14,4700.33,8,5987.56,0.0555,,,,1045.4,19941.67,523.44,248.01,109.5,1032.8,109.5,384.93,1142.3
45,195,5.5,0,8492.52,8134.86,0.43,4000.0,1978.83,2021.17,6156.03,49.47,24.33,4700.33,8,5995.38,0.0558,,,,1040.53,19848.62,521.87,246.24,109.5,1032.8,109.5,385.13,1142.3
45,210,5.5,0,8320.9,7968.94,0.4,4000.0,1977.71,2022.29,5991.23,49.44,24.82,4700.33,8,5885.19,0.057,,,,1019.31,19443.4,522.16,239.65,109.5,1032.8,109.5,392.01,1142.3
45,225,5.5,0,8041.8,7699.45,0.19,4000.0,1966.29,2033.71,5733.16,49.16,25.54,4700.33,9,5685.71,0.059,,,,984.84,18784.87,525.1,229.33,109.5,1032.8,109.5,405.27,1142.3
45,240,5.5,0,7664.31,7335.01,0.05,4000.0,1953.61,2046.39,5381.4,48.84,26.63,4700.33,9,5419.55,0.0619,,,,938.22,17894.58,528.38,215.26,109.5,1032.8,109.5,422.62,1142.3
45,255,5.5,0,7213.04,6899.55,0.0,4000.0,1941.56,2058.44,4957.99,48.54,28.14,4700.33,9,5118.22,0.0658,,,,882.52,16830.99,531.49,198.32,109.5,1032.8,109.5,442.67,1142.3
45,270,5.5,0,6689.0,6393.78,0.0,4000.0,1927.07,2072.93,4466.71,48.18,30.14,4700.33,10,4765.14,0.071,,,,817.83,15595.8,535.23,178.67,109.5,1032.8,109.5,466.06,1142.3
50,90,5.5,0,6403.92,6117.91,0.0,4000.0,1906.5,2093.5,4211.41,47.66,31.16,4700.33,10,4534.25,0.0742,,,,782.54,14922.18,540.54,168.46,109.5,1032.8,109.5,481.58,1142.3
50,105,5.5,0,6953.09,6648.02,0.04,4000.0,1915.39,2084.61,4732.64,47.88,28.81,4700.33,9,4876.67,0.0683,,,,850.35,16216.87,538.25,189.31,109.5,1032.8,109.5,458.44,1142.3
50,120,5.5,0,7430.8,7108.96,0.26,4000.0,1925.61,2074.39,5183.35,48.14,27.09,4700.33,9,5183.07,0.0639,,,,909.31,17343.01,535.61,207.33,109.5,1032.8,109.5,437.78,1142.3
50,135,5.5,0,7824.13,7488.83,0.27,4000.0,1933.7,2066.3,5555.13,48.34,25.82,4700.33,9,5436.1,0.0606,,,,957.9,18270.71,533.52,222.21,109.5,1032.8,109.5,420.81,1142.3
50,150,5.5,0,8128.34,7782.91,0.33,4000.0,1944.11,2055.89,5838.8,48.6,24.98,4700.33,9,5647.2,0.0583,,,,995.51,18988.95,530.83,233.55,109.5,1032.8,109.5,406.78,1142.3
50,165,5.5,0,8322.75,7971.05,0.33,4000.0,1950.22,2049.78,6020.84,48.76,24.47,4700.33,9,5786.22,0.057,,,,1019.58,19448.36,529.25,240.83,109.5,1032.8,109.5,397.92,1142.3
50,180,5.5,0,8389.97,8036.19,0.25,4000.0,1958.55,2041.45,6077.64,48.96,24.37,4700.33,8,5849.95,0.0565,,,,1027.91,19607.27,527.1,243.11,109.5,1032.8,109.5,393.49,1142.3
50,195,5.5,0,8351.4,7999.11,0.19,4000.0,1973.2,2026.8,6025.92,49.33,24.67,4700.33,8,5894.96,0.0568,,,,1023.17,19516.6,523.32,241.04,109.5,1032.8,109.5,391.78,1142.3
50,210,5.5,0,8184.59,7837.73,0.26,4000.0,1971.5,2028.5,5866.24,49.29,25.15,4700.33,9,5785.24,0.0579,,,,1002.52,19122.66,523.76,234.65,109.5,1032.8,109.5,398.61,1142.3
50,225,5.5,0,7886.46,7549.55,0.04,4000.0,1958.42,2041.58,5591.13,48.96,25.94,4700.33,9,5566.09,0.0601,,,,965.66,18418.5,527.14,223.65,109.5,1032.8,109.5,412.99,1142.3
50,240,5.5,0,7514.41,7190.29,0.0,4000.0,1945.29,2054.71,5245.0,48.63,27.05,4700.33,9,5301.96,0.0631,,,,919.71,17541.05,530.53,209.8,109.5,1032.8,109.5,430.23,1142.3
50,255,5.5,0,7038.2,6730.43,0.0,4000.0,1933.31,2066.69,4797.12,48.33,28.72,4700.33,9,4985.23,0.0675,,,,860.89,16418.01,533.62,191.88,109.5,1032.8,109.5,451.24,1142.3
50,270,5.5,0,6501.58,6212.45,0.0,4000.0,1919.64,2080.36,4292.81,47.99,30.9,4700.33,10,4628.67,0.0731,,,,794.64,15153.03,537.15,171.71,109.5,1032.8,109.5,474.94,1142.3
55,90,5.5,0,6206.63,5927.06,0.0,4000.0,1899.1,2100.9,4027.95,47.48,32.04,4700.33,10,4394.82,0.0766,,,,758.13,14456.14,542.45,161.12,109.5,1032.8,109.5,490.83,1142.3
55,105,5.5,0,6758.1,6459.5,0.0,4000.0,1908.88,2091.12,4550.62,47.72,29.55,4700.33,10,4742.1,0.0703,,,,826.23,15756.44,539.93,182.02,109.5,1032.8,109.5,467.41,1142.3
55,120,5.5,0,7248.63,6933.13,0.14,4000.0,1916.97,2083.03,5016.15,47.92,27.65,4700.33,9,5048.51,0.0655,,,,886.82,16913.39,537.84,200.65,109.5,1032.8,109.5,446.69,1142.3
55,135,5.5,0,7633.24,7304.63,0.13,4000.0,1925.67,2074.33,5378.96,48.14,26.36,4700.33,9,5297.8,0.0622,,,,934.33,17820.61,535.59,215.16,109.5,1032.8,109.5,429.93,1142.3
55,150,5.5,0,7949.32,7610.52,0.17,4000.0,1937.3,2062.7,5673.22,48.43,25.46,4700.33,9,5521.71,0.0597,,,,973.46,18567.63,532.59,226.93,109.5,1032.8,109.5,415.16,1142.3
55,165,5.5,0,8135.31,7790.63,0.12,4000.0,1943.73,2056.27,5846.9,48.59,24.95,4700.33,9,5656.57,0.0583,,,,996.5,19007.31,530.93,233.88,109.5,1032.8,109.5,406.55,1142.3
55,180,5.5,0,8202.38,7855.65,0.07,4000.0,1942.95,2057.05,5912.7,48.57,24.73,4700.33,9,5685.71,0.0578,,,,1004.82,19166.01,531.13,236.51,109.5,1032.8,109.5,404.12,1142.3
55,195,5.5,0,8163.0,7817.74,0.04,4000.0,1966.45,2033.55,5851.29,49.16,25.15,4700.33,9,5761.21,0.0581,,,,999.97,19073.34,525.06,234.05,109.5,1032.8,109.5,400.51,1142.3
55,210,5.5,0,8001.56,7661.53,0.09,4000.0,1964.7,2035.3,5696.82,49.12,25.64,4700.33,9,5656.86,0.0593,,,,979.99,18691.97,525.51,227.87,109.5,1032.8,109.5,407.14,1142.3
55,225,5.5,0,7709.06,7378.54,0.0,4000.0,1949.7,2050.3,5428.84,48.74,26.42,4700.33,9,5430.88,0.0615,,,,943.79,18000.76,529.39,217.15,109.5,1032.8,109.5,421.74,1142.3
55,240,5.5,0,7323.97,7006.36,0.0,4000.0,1936.05,2063.95,5070.31,48.4,27.63,4700.33,9,5159.9,0.0648,,,,896.18,17091.89,532.91,202.81,109.5,1032.8,109.5,439.6,1142.3
55,255,5.5,0,6849.23,6547.82,0.0,4000.0,1924.3,2075.7,4623.53,48.11,29.39,4700.33,9,4842.17,0.0693,,,,837.53,15972.09,535.95,184.94,109.5,1032.8,109.5,460.51,1142.3
55,270,5.5,0,6304.31,6021.69,0.0,4000.0,1911.45,2088.55,4110.24,47.79,31.74,4700.33,10,4483.96,0.0754,,,,770.23,14687.19,539.26,164.41,109.5,1032.8,109.5,484.35,1142.3
60,90,5.5,0,5999.81,5727.06,0.0,4000.0,1890.9,2109.1,3836.16,47.27,33.02,4700.33,10,4245.95,0.0793,,,,732.55,13967.75,544.57,153.45,109.5,1032.8,109.5,500.62,1142.3
60,105,5.5,0,6556.91,6265.14,0.0,4000.0,1900.08,2099.92,4365.06,47.5,30.33,4700.33,10,4594.43,0.0725,,,,801.37,15281.81,542.2,174.6,109.5,1032.8,109.5,477.1,1142.3
60,120,5.5,0,7029.21,6721.28,0.03,4000.0,1908.32,2091.68,4812.96,47.71,28.39,4700.33,9,4892.12,0.0676,,,,859.72,16395.8,540.07,192.52,109.5,1032.8,109.5,457.05,1142.3
60,135,5.5,0,7426.93,7105.83,0.02,4000.0,1916.79,2083.21,5189.04,47.92,26.97,4700.33,9,5148.36,0.0639,,,,908.91,17334.86,537.88,207.56,109.5,1032.8,109.5,439.82,1142.3
60,150,5.5,0,7725.12,7394.5,0.05,4000.0,1930.02,2069.98,5464.47,48.25,26.1,4700.33,9,5369.12,0.0614,,,,945.83,18039.79,534.47,218.58,109.5,1032.8,109.5,425.39,1142.3
60,165,5.5,0,7901.86,7565.74,0.02,4000.0,1934.82,2065.18,5630.92,48.37,25.57,4700.33,9,5489.75,0.06,,,,967.73,18457.86,533.23,225.24,109.5,1032.8,109.5,417.49,1142.3
60,180,5.5,0,7972.07,7633.9,0.0,4000.0,1930.68,2069.32,5703.22,48.27,25.29,4700.33,9,5510.67,0.0595,,,,976.45,18624.25,534.3,228.13,109.5,1032.8,109.5,415.67,1142.3
60,195,5.5,0,7935.52,7598.69,0.0,4000.0,1957.43,2042.57,5641.25,48.94,25.76,4700.33,9,5595.15,0.0597,,,,971.95,18538.24,527.39,225.65,109.5,1032.8,109.5,411.24,1142.3
60,210,5.5,0,7772.69,7441.01,0.0,4000.0,1956.92,2043.08,5484.08,48.92,26.3,4700.33,9,5498.5,0.061,,,,951.78,18153.21,527.52,219.36,109.5,1032.8,109.5,417.66,1142.3
60,225,5.5,0,7495.4,7172.58,0.0,4000.0,1940.15,2059.85,5232.42,48.5,27.05,4700.33,9,5274.29,0.0633,,,,917.44,17497.74,531.85,209.3,109.5,1032.8,109.5,432.05,1142.3
60,240,5.5,0,7102.07,6792.09,0.0,4000.0,1926.35,2073.65,4865.75,48.16,28.36,4700.33,9,4995.84,0.0668,,,,868.78,16568.63,535.42,194.63,109.5,1032.8,109.5,450.29,1142.3
60,255,5.5,0,6642.79,6348.46,0.0,4000.0,1913.24,2086.76,4435.23,47.83,30.14,4700.33,10,4683.12,0.0715,,,,812.03,15485.24,538.8,177.41,109.5,1032.8,109.5,470.89,1142.3
60,270,5.5,0,6085.78,5810.34,0.0,4000.0,1900.21,2099.79,3910.13,47.51,32.7,4700.33,10,4313.71,0.0782,,,,743.2,14171.1,542.17,156.41,109.5,1032.8,109.5,495.26,1142.3
